genre,platform,region,recommended_historical_month,market_opportunity_score,market_evidence_quality,demand_potential_score,momentum_score,competitive_accessibility_score,platform_fit_score,regional_score,timing_score,platform_fit_title_count,timing_title_count,timing_evidence_quality,scenario_evidence_quality,strategic_scenario_score
Action-Adventure,X360,PAL,2,79.64,HIGH,97.50,68.42,50.00,100.00,83.33,92.00,26,20,MEDIUM,HIGH,89.17
Sports,PS4,North America,8,75.45,HIGH,91.25,94.74,23.69,100.00,83.33,100.00,82,222,HIGH,HIGH,88.91
Platform,PS3,North America,1,70.91,HIGH,76.25,15.79,57.90,92.63,100.00,100.00,40,35,MEDIUM,HIGH,87.98
Platform,PS2,North America,1,70.91,HIGH,76.25,15.79,57.90,91.58,100.00,100.00,101,35,MEDIUM,HIGH,87.71
Fighting,PS3,North America,10,75.84,HIGH,71.25,47.37,73.69,100.00,83.33,89.09,73,118,HIGH,HIGH,87.41
Platform,NES,North America,1,70.91,HIGH,76.25,15.79,57.90,100.00,100.00,100.00,16,35,MEDIUM,MEDIUM,86.82
Action-Adventure,X360,North America,2,79.64,HIGH,97.50,68.42,50.00,100.00,66.67,92.00,26,20,MEDIUM,HIGH,86.67
Sports,PS2,North America,8,75.45,HIGH,91.25,94.74,23.69,91.00,83.33,100.00,404,222,HIGH,HIGH,86.66
Sports,PS4,Other,8,75.45,HIGH,91.25,94.74,23.69,100.00,66.67,100.00,82,222,HIGH,HIGH,86.41
Sports,PS3,North America,8,75.45,HIGH,91.25,94.74,23.69,90.00,83.33,100.00,232,222,HIGH,HIGH,86.41
Shooter,XONE,PAL,11,72.98,HIGH,92.50,63.16,36.85,93.33,83.33,100.00,64,285,HIGH,HIGH,86.38
Action-Adventure,PS3,PAL,2,79.64,HIGH,97.50,68.42,50.00,87.50,83.33,92.00,30,20,MEDIUM,HIGH,86.05
Shooter,2600,PAL,11,72.98,HIGH,92.50,63.16,36.85,89.33,83.33,100.00,25,285,HIGH,HIGH,85.38
Fighting,X360,North America,10,75.84,HIGH,71.25,47.37,73.69,91.58,83.33,89.09,64,118,HIGH,HIGH,85.30
Platform,X360,North America,1,70.91,HIGH,76.25,15.79,57.90,81.05,100.00,100.00,33,35,MEDIUM,HIGH,85.08
Fighting,SNES,North America,10,75.84,HIGH,71.25,47.37,73.69,90.53,83.33,89.09,21,118,HIGH,HIGH,85.04
Shooter,PS4,PAL,11,72.98,HIGH,92.50,63.16,36.85,88.00,83.33,100.00,82,285,HIGH,HIGH,85.04
Fighting,PS3,Japan,10,75.84,HIGH,71.25,47.37,73.69,100.00,66.67,89.09,73,118,HIGH,HIGH,84.91
Shooter,PS3,PAL,11,72.98,HIGH,92.50,63.16,36.85,86.67,83.33,100.00,156,285,HIGH,HIGH,84.71
Action-Adventure,X360,Other,2,79.64,HIGH,97.50,68.42,50.00,100.00,50.00,92.00,26,20,MEDIUM,HIGH,84.17
Sports,PS2,Other,8,75.45,HIGH,91.25,94.74,23.69,91.00,66.67,100.00,404,222,HIGH,HIGH,84.16
Sports,X360,North America,8,75.45,HIGH,91.25,94.74,23.69,80.00,83.33,100.00,241,222,HIGH,HIGH,83.91
Sports,PS3,Other,8,75.45,HIGH,91.25,94.74,23.69,90.00,66.67,100.00,232,222,HIGH,HIGH,83.91
Sports,PS4,PAL,8,75.45,HIGH,91.25,94.74,23.69,100.00,50.00,100.00,82,222,HIGH,HIGH,83.91
Shooter,XONE,North America,11,72.98,HIGH,92.50,63.16,36.85,93.33,66.67,100.00,64,285,HIGH,HIGH,83.88
Misc,PS,North America,10,60.94,HIGH,33.75,36.84,57.90,100.00,83.33,100.00,75,339,HIGH,HIGH,83.83
Platform,PS,North America,1,70.91,HIGH,76.25,15.79,57.90,75.79,100.00,100.00,55,35,MEDIUM,HIGH,83.77
Action-Adventure,PS3,North America,2,79.64,HIGH,97.50,68.42,50.00,87.50,66.67,92.00,30,20,MEDIUM,HIGH,83.55
Action,PS3,North America,10,64.73,HIGH,70.00,10.53,55.26,96.67,83.33,94.55,271,422,HIGH,HIGH,83.51
Action,PS3,PAL,10,64.73,HIGH,70.00,10.53,55.26,96.67,83.33,94.55,271,422,HIGH,HIGH,83.51
Fighting,PS,North America,10,75.84,HIGH,71.25,47.37,73.69,83.16,83.33,89.09,102,118,HIGH,HIGH,83.20
Platform,PS3,PAL,1,70.91,HIGH,76.25,15.79,57.90,92.63,66.67,100.00,40,35,MEDIUM,HIGH,82.98
Fighting,N64,North America,10,75.84,HIGH,71.25,47.37,73.69,82.11,83.33,89.09,28,118,HIGH,HIGH,82.93
Shooter,2600,North America,11,72.98,HIGH,92.50,63.16,36.85,89.33,66.67,100.00,25,285,HIGH,HIGH,82.88
Fighting,X360,Japan,10,75.84,HIGH,71.25,47.37,73.69,91.58,66.67,89.09,64,118,HIGH,HIGH,82.80
Platform,PS2,PAL,1,70.91,HIGH,76.25,15.79,57.90,91.58,66.67,100.00,101,35,MEDIUM,HIGH,82.71
Sports,PS,North America,8,75.45,HIGH,91.25,94.74,23.69,75.00,83.33,100.00,220,222,HIGH,HIGH,82.66
Fighting,SNES,Japan,10,75.84,HIGH,71.25,47.37,73.69,90.53,66.67,89.09,21,118,HIGH,HIGH,82.54
Shooter,PS4,North America,11,72.98,HIGH,92.50,63.16,36.85,88.00,66.67,100.00,82,285,HIGH,HIGH,82.54
Sports,SNES,North America,8,75.45,HIGH,91.25,94.74,23.69,74.00,83.33,100.00,49,222,HIGH,HIGH,82.41
Sports,XONE,North America,8,75.45,HIGH,91.25,94.74,23.69,74.00,83.33,100.00,68,222,HIGH,HIGH,82.41
Shooter,PS3,North America,11,72.98,HIGH,92.50,63.16,36.85,86.67,66.67,100.00,156,285,HIGH,HIGH,82.21
Shooter,X360,PAL,11,72.98,HIGH,92.50,63.16,36.85,76.00,83.33,100.00,203,285,HIGH,HIGH,82.04
Platform,NES,PAL,1,70.91,HIGH,76.25,15.79,57.90,100.00,66.67,100.00,16,35,MEDIUM,MEDIUM,81.82
Racing,PS2,PAL,11,59.18,HIGH,55.00,21.05,42.11,96.25,83.33,96.36,214,272,HIGH,HIGH,81.73
Action-Adventure,XONE,PAL,2,79.64,HIGH,97.50,68.42,50.00,70.00,83.33,92.00,41,20,MEDIUM,HIGH,81.67
Sports,PS2,PAL,8,75.45,HIGH,91.25,94.74,23.69,91.00,50.00,100.00,404,222,HIGH,HIGH,81.66
Action,2600,PAL,10,64.73,HIGH,70.00,10.53,55.26,88.89,83.33,94.55,63,422,HIGH,HIGH,81.56
Action,2600,North America,10,64.73,HIGH,70.00,10.53,55.26,88.89,83.33,94.55,63,422,HIGH,HIGH,81.56
Racing,PS,PAL,11,59.18,HIGH,55.00,21.05,42.11,95.00,83.33,96.36,140,272,HIGH,HIGH,81.42
Sports,X360,Other,8,75.45,HIGH,91.25,94.74,23.69,80.00,66.67,100.00,241,222,HIGH,HIGH,81.41
Sports,PS3,PAL,8,75.45,HIGH,91.25,94.74,23.69,90.00,50.00,100.00,232,222,HIGH,HIGH,81.41
Shooter,XONE,Other,11,72.98,HIGH,92.50,63.16,36.85,93.33,50.00,100.00,64,285,HIGH,HIGH,81.38
Misc,PS,Other,10,60.94,HIGH,33.75,36.84,57.90,100.00,66.67,100.00,75,339,HIGH,HIGH,81.33
Action,X360,PAL,10,64.73,HIGH,70.00,10.53,55.26,87.78,83.33,94.55,235,422,HIGH,HIGH,81.28
Action,X360,North America,10,64.73,HIGH,70.00,10.53,55.26,87.78,83.33,94.55,235,422,HIGH,HIGH,81.28
Action-Adventure,PS3,Other,2,79.64,HIGH,97.50,68.42,50.00,87.50,50.00,92.00,30,20,MEDIUM,HIGH,81.05
Action-Adventure,PS4,PAL,2,79.64,HIGH,97.50,68.42,50.00,67.50,83.33,92.00,59,20,MEDIUM,HIGH,81.05
Action,PS2,North America,10,64.73,HIGH,70.00,10.53,55.26,86.67,83.33,94.55,283,422,HIGH,HIGH,81.01
Action,PS2,PAL,10,64.73,HIGH,70.00,10.53,55.26,86.67,83.33,94.55,283,422,HIGH,HIGH,81.01
Misc,PS2,North America,10,60.94,HIGH,33.75,36.84,57.90,88.42,83.33,100.00,220,339,HIGH,HIGH,80.93
Platform,SNES,North America,1,70.91,HIGH,76.25,15.79,57.90,75.79,100.00,100.00,17,35,MEDIUM,MEDIUM,80.77
Fighting,PS,Japan,10,75.84,HIGH,71.25,47.37,73.69,83.16,66.67,89.09,102,118,HIGH,HIGH,80.70
Fighting,N64,Japan,10,75.84,HIGH,71.25,47.37,73.69,82.11,66.67,89.09,28,118,HIGH,HIGH,80.44
Sports,N64,North America,8,75.45,HIGH,91.25,94.74,23.69,66.00,83.33,100.00,76,222,HIGH,HIGH,80.41
Misc,WII,North America,10,60.94,HIGH,33.75,36.84,57.90,86.32,83.33,100.00,288,339,HIGH,HIGH,80.41
Shooter,2600,Other,11,72.98,HIGH,92.50,63.16,36.85,89.33,50.00,100.00,25,285,HIGH,HIGH,80.38
Platform,WII,North America,1,70.91,HIGH,76.25,15.79,57.90,62.11,100.00,100.00,47,35,MEDIUM,HIGH,80.35
Sports,PS,Other,8,75.45,HIGH,91.25,94.74,23.69,75.00,66.67,100.00,220,222,HIGH,HIGH,80.16
Platform,X360,PAL,1,70.91,HIGH,76.25,15.79,57.90,81.05,66.67,100.00,33,35,MEDIUM,HIGH,80.08
Shooter,PS4,Other,11,72.98,HIGH,92.50,63.16,36.85,88.00,50.00,100.00,82,285,HIGH,HIGH,80.04
Sports,XONE,Other,8,75.45,HIGH,91.25,94.74,23.69,74.00,66.67,100.00,68,222,HIGH,HIGH,79.91
Fighting,PS3,PAL,10,75.84,HIGH,71.25,47.37,73.69,100.00,33.33,89.09,73,118,HIGH,HIGH,79.91
Sports,SNES,Other,8,75.45,HIGH,91.25,94.74,23.69,74.00,66.67,100.00,49,222,HIGH,HIGH,79.91
Puzzle,SNES,Japan,1,58.24,HIGH,18.75,0.00,84.21,100.00,83.33,100.00,13,37,MEDIUM,MEDIUM,79.88
Puzzle,SNES,North America,1,58.24,HIGH,18.75,0.00,84.21,100.00,83.33,100.00,13,37,MEDIUM,MEDIUM,79.88
Visual Novel,PS3,Japan,5,60.66,HIGH,0.00,52.63,71.05,100.00,100.00,77.50,22,16,LOW,MEDIUM,79.86
Shooter,PS3,Other,11,72.98,HIGH,92.50,63.16,36.85,86.67,50.00,100.00,156,285,HIGH,HIGH,79.71
Role-Playing,X360,Japan,11,51.56,HIGH,36.25,5.26,39.48,96.67,83.33,100.00,75,157,HIGH,HIGH,79.71
Shooter,PS2,PAL,11,72.98,HIGH,92.50,63.16,36.85,66.67,83.33,100.00,158,285,HIGH,HIGH,79.71
Shooter,X360,North America,11,72.98,HIGH,92.50,63.16,36.85,76.00,66.67,100.00,203,285,HIGH,HIGH,79.54
Platform,GBA,North America,1,70.91,HIGH,76.25,15.79,57.90,57.89,100.00,100.00,142,35,MEDIUM,HIGH,79.29
Fighting,GC,North America,10,75.84,HIGH,71.25,47.37,73.69,67.37,83.33,89.09,42,118,HIGH,HIGH,79.25
Racing,PS2,North America,11,59.18,HIGH,55.00,21.05,42.11,96.25,66.67,96.36,214,272,HIGH,HIGH,79.23
Action-Adventure,XONE,North America,2,79.64,HIGH,97.50,68.42,50.00,70.00,66.67,92.00,41,20,MEDIUM,HIGH,79.17
Action,PS,PAL,10,64.73,HIGH,70.00,10.53,55.26,78.89,83.33,94.55,128,422,HIGH,HIGH,79.06
Action,PS,North America,10,64.73,HIGH,70.00,10.53,55.26,78.89,83.33,94.55,128,422,HIGH,HIGH,79.06
Racing,PS3,PAL,11,59.18,HIGH,55.00,21.05,42.11,85.00,83.33,96.36,95,272,HIGH,HIGH,78.92
Racing,PS,North America,11,59.18,HIGH,55.00,21.05,42.11,95.00,66.67,96.36,140,272,HIGH,HIGH,78.92
Sports,X360,PAL,8,75.45,HIGH,91.25,94.74,23.69,80.00,50.00,100.00,241,222,HIGH,HIGH,78.91
Platform,PS,PAL,1,70.91,HIGH,76.25,15.79,57.90,75.79,66.67,100.00,55,35,MEDIUM,HIGH,78.77
Action-Adventure,PS4,North America,2,79.64,HIGH,97.50,68.42,50.00,67.50,66.67,92.00,59,20,MEDIUM,HIGH,78.55
Fighting,PS2,North America,10,75.84,HIGH,71.25,47.37,73.69,64.21,83.33,89.09,138,118,HIGH,HIGH,78.46
Misc,PS2,Other,10,60.94,HIGH,33.75,36.84,57.90,88.42,66.67,100.00,220,339,HIGH,HIGH,78.43
Puzzle,PS,Japan,1,58.24,HIGH,18.75,0.00,84.21,81.67,83.33,100.00,32,37,MEDIUM,HIGH,78.30
Puzzle,PS,North America,1,58.24,HIGH,18.75,0.00,84.21,81.67,83.33,100.00,32,37,MEDIUM,HIGH,78.30
Misc,X360,North America,10,60.94,HIGH,33.75,36.84,57.90,77.89,83.33,100.00,132,339,HIGH,HIGH,78.30
Racing,X360,PAL,11,59.18,HIGH,55.00,21.05,42.11,82.50,83.33,96.36,113,272,HIGH,HIGH,78.29
Platform,N64,North America,1,70.91,HIGH,76.25,15.79,57.90,53.68,100.00,100.00,24,35,MEDIUM,HIGH,78.24
Simulation,GC,North America,10,54.64,HIGH,27.50,57.89,26.32,100.00,83.33,96.36,13,167,HIGH,MEDIUM,78.08
Simulation,PS,North America,10,54.64,HIGH,27.50,57.89,26.32,88.00,83.33,96.36,46,167,HIGH,HIGH,78.08
Fighting,PS4,North America,10,75.84,HIGH,71.25,47.37,73.69,62.11,83.33,89.09,41,118,HIGH,HIGH,77.93
Fighting,SAT,North America,10,75.84,HIGH,71.25,47.37,73.69,62.11,83.33,89.09,31,118,HIGH,HIGH,77.93
Misc,WII,Other,10,60.94,HIGH,33.75,36.84,57.90,86.32,66.67,100.00,288,339,HIGH,HIGH,77.91
Sports,N64,Other,8,75.45,HIGH,91.25,94.74,23.69,66.00,66.67,100.00,76,222,HIGH,HIGH,77.91
Fighting,X360,PAL,10,75.84,HIGH,71.25,47.37,73.69,91.58,33.33,89.09,64,118,HIGH,HIGH,77.80
Platform,PSP,North America,1,70.91,HIGH,76.25,15.79,57.90,51.58,100.00,100.00,39,35,MEDIUM,HIGH,77.71
Sports,PS,PAL,8,75.45,HIGH,91.25,94.74,23.69,75.00,50.00,100.00,220,222,HIGH,HIGH,77.66
Fighting,SNES,PAL,10,75.84,HIGH,71.25,47.37,73.69,90.53,33.33,89.09,21,118,HIGH,HIGH,77.54
Sports,SNES,PAL,8,75.45,HIGH,91.25,94.74,23.69,74.00,50.00,100.00,49,222,HIGH,HIGH,77.41
Fighting,PS3,Other,10,75.84,HIGH,71.25,47.37,73.69,100.00,16.67,89.09,73,118,HIGH,HIGH,77.41
Sports,XONE,PAL,8,75.45,HIGH,91.25,94.74,23.69,74.00,50.00,100.00,68,222,HIGH,HIGH,77.41
Role-Playing,X360,North America,11,51.56,HIGH,36.25,5.26,39.48,96.67,66.67,100.00,75,157,HIGH,HIGH,77.21
Shooter,PS2,North America,11,72.98,HIGH,92.50,63.16,36.85,66.67,66.67,100.00,158,285,HIGH,HIGH,77.21
Shooter,X360,Other,11,72.98,HIGH,92.50,63.16,36.85,76.00,50.00,100.00,203,285,HIGH,HIGH,77.04
Role-Playing,XB,Japan,11,51.56,HIGH,36.25,5.26,39.48,85.56,83.33,100.00,21,157,HIGH,HIGH,76.94
Simulation,WII,North America,10,54.64,HIGH,27.50,57.89,26.32,82.67,83.33,96.36,90,167,HIGH,HIGH,76.75
Fighting,GC,Japan,10,75.84,HIGH,71.25,47.37,73.69,67.37,66.67,89.09,42,118,HIGH,HIGH,76.75
Racing,PS2,Other,11,59.18,HIGH,55.00,21.05,42.11,96.25,50.00,96.36,214,272,HIGH,HIGH,76.73
Shooter,N64,PAL,11,72.98,HIGH,92.50,63.16,36.85,54.67,83.33,100.00,24,285,HIGH,HIGH,76.71
Action-Adventure,XONE,Other,2,79.64,HIGH,97.50,68.42,50.00,70.00,50.00,92.00,41,20,MEDIUM,HIGH,76.67
Action-Adventure,X360,Japan,2,79.64,HIGH,97.50,68.42,50.00,100.00,0.00,92.00,26,20,MEDIUM,HIGH,76.67
Action,N64,North America,10,64.73,HIGH,70.00,10.53,55.26,68.89,83.33,94.55,33,422,HIGH,HIGH,76.56
Action,N64,PAL,10,64.73,HIGH,70.00,10.53,55.26,68.89,83.33,94.55,33,422,HIGH,HIGH,76.56
Racing,PS3,North America,11,59.18,HIGH,55.00,21.05,42.11,85.00,66.67,96.36,95,272,HIGH,HIGH,76.42
Racing,PS,Other,11,59.18,HIGH,55.00,21.05,42.11,95.00,50.00,96.36,140,272,HIGH,HIGH,76.42
Sports,XB,North America,8,75.45,HIGH,91.25,94.74,23.69,50.00,83.33,100.00,177,222,HIGH,HIGH,76.41
Sports,PS4,Japan,8,75.45,HIGH,91.25,94.74,23.69,100.00,0.00,100.00,82,222,HIGH,HIGH,76.41
Simulation,PS2,North America,10,54.64,HIGH,27.50,57.89,26.32,81.33,83.33,96.36,91,167,HIGH,HIGH,76.41
Simulation,XB,North America,10,54.64,HIGH,27.50,57.89,26.32,81.33,83.33,96.36,26,167,HIGH,HIGH,76.41
Platform,GC,North America,1,70.91,HIGH,76.25,15.79,57.90,46.32,100.00,100.00,68,35,MEDIUM,HIGH,76.40
Misc,PS,PAL,10,60.94,HIGH,33.75,36.84,57.90,100.00,33.33,100.00,75,339,HIGH,HIGH,76.33
Misc,GBA,North America,10,60.94,HIGH,33.75,36.84,57.90,69.47,83.33,100.00,116,339,HIGH,HIGH,76.20
Sports,DC,North America,8,75.45,HIGH,91.25,94.74,23.69,61.00,83.33,100.00,10,222,HIGH,MEDIUM,76.16
Adventure,GBA,North America,10,54.23,HIGH,8.75,26.32,78.95,91.76,66.67,94.55,54,257,HIGH,HIGH,76.10
Adventure,GBA,PAL,10,54.23,HIGH,8.75,26.32,78.95,91.76,66.67,94.55,54,257,HIGH,HIGH,76.10
Role-Playing,PS,Japan,11,51.56,HIGH,36.25,5.26,39.48,82.22,83.33,100.00,80,157,HIGH,HIGH,76.10
Racing,N64,PAL,11,59.18,HIGH,55.00,21.05,42.11,73.75,83.33,96.36,47,272,HIGH,HIGH,76.10
Adventure,GBA,Japan,10,54.23,HIGH,8.75,26.32,78.95,91.76,66.67,94.55,54,257,HIGH,HIGH,76.10
Strategy,X360,Japan,11,52.75,HIGH,10.00,42.11,50.00,88.00,83.33,87.27,28,95,HIGH,HIGH,76.05
Action-Adventure,PS4,Other,2,79.64,HIGH,97.50,68.42,50.00,67.50,50.00,92.00,59,20,MEDIUM,HIGH,76.05
Strategy,PS,Japan,11,52.75,HIGH,10.00,42.11,50.00,88.00,83.33,87.27,70,95,HIGH,HIGH,76.05
Action,PS3,Other,10,64.73,HIGH,70.00,10.53,55.26,96.67,33.33,94.55,271,422,HIGH,HIGH,76.01
Fighting,PS2,Japan,10,75.84,HIGH,71.25,47.37,73.69,64.21,66.67,89.09,138,118,HIGH,HIGH,75.96
Role-Playing,GB,Japan,11,51.56,HIGH,36.25,5.26,39.48,93.33,83.33,100.00,11,157,HIGH,MEDIUM,75.88
Role-Playing,PS3,Japan,11,51.56,HIGH,36.25,5.26,39.48,81.11,83.33,100.00,101,157,HIGH,HIGH,75.82
Misc,X360,Other,10,60.94,HIGH,33.75,36.84,57.90,77.89,66.67,100.00,132,339,HIGH,HIGH,75.80
Racing,X360,North America,11,59.18,HIGH,55.00,21.05,42.11,82.50,66.67,96.36,113,272,HIGH,HIGH,75.79
Platform,SNES,PAL,1,70.91,HIGH,76.25,15.79,57.90,75.79,66.67,100.00,17,35,MEDIUM,MEDIUM,75.77
Fighting,PS,PAL,10,75.84,HIGH,71.25,47.37,73.69,83.16,33.33,89.09,102,118,HIGH,HIGH,75.70
Simulation,PS,Japan,10,54.64,HIGH,27.50,57.89,26.32,88.00,66.67,96.36,46,167,HIGH,HIGH,75.58
Simulation,GC,Japan,10,54.64,HIGH,27.50,57.89,26.32,100.00,66.67,96.36,13,167,HIGH,MEDIUM,75.58
Platform,PS3,Japan,1,70.91,HIGH,76.25,15.79,57.90,92.63,16.67,100.00,40,35,MEDIUM,HIGH,75.48
Platform,PS3,Other,1,70.91,HIGH,76.25,15.79,57.90,92.63,16.67,100.00,40,35,MEDIUM,HIGH,75.48
Racing,PSP,PAL,11,59.18,HIGH,55.00,21.05,42.11,71.25,83.33,96.36,73,272,HIGH,HIGH,75.48
Action,WII,North America,10,64.73,HIGH,70.00,10.53,55.26,64.44,83.33,94.55,178,422,HIGH,HIGH,75.45
Action,WII,PAL,10,64.73,HIGH,70.00,10.53,55.26,64.44,83.33,94.55,178,422,HIGH,HIGH,75.45
Fighting,PS4,Japan,10,75.84,HIGH,71.25,47.37,73.69,62.11,66.67,89.09,41,118,HIGH,HIGH,75.44
Fighting,SAT,Japan,10,75.84,HIGH,71.25,47.37,73.69,62.11,66.67,89.09,31,118,HIGH,HIGH,75.44
Fighting,N64,PAL,10,75.84,HIGH,71.25,47.37,73.69,82.11,33.33,89.09,28,118,HIGH,HIGH,75.43
Sports,N64,PAL,8,75.45,HIGH,91.25,94.74,23.69,66.00,50.00,100.00,76,222,HIGH,HIGH,75.41
Sports,WII,North America,8,75.45,HIGH,91.25,94.74,23.69,46.00,83.33,100.00,273,222,HIGH,HIGH,75.41
Music,X360,North America,10,55.90,HIGH,63.75,31.58,31.58,83.33,66.67,100.00,20,81,HIGH,HIGH,75.40
Music,X360,Japan,10,55.90,HIGH,63.75,31.58,31.58,83.33,66.67,100.00,20,81,HIGH,HIGH,75.40
Music,X360,PAL,10,55.90,HIGH,63.75,31.58,31.58,83.33,66.67,100.00,20,81,HIGH,HIGH,75.40
Platform,WII,PAL,1,70.91,HIGH,76.25,15.79,57.90,62.11,66.67,100.00,47,35,MEDIUM,HIGH,75.35
Puzzle,N64,North America,1,58.24,HIGH,18.75,0.00,84.21,81.67,83.33,100.00,12,37,MEDIUM,MEDIUM,75.30
Fighting,X360,Other,10,75.84,HIGH,71.25,47.37,73.69,91.58,16.67,89.09,64,118,HIGH,HIGH,75.30
Puzzle,N64,Japan,1,58.24,HIGH,18.75,0.00,84.21,81.67,83.33,100.00,12,37,MEDIUM,MEDIUM,75.30
Adventure,GC,Japan,10,54.23,HIGH,8.75,26.32,78.95,88.24,66.67,94.55,33,257,HIGH,HIGH,75.22
Adventure,GC,PAL,10,54.23,HIGH,8.75,26.32,78.95,88.24,66.67,94.55,33,257,HIGH,HIGH,75.22
Adventure,GC,North America,10,54.23,HIGH,8.75,26.32,78.95,88.24,66.67,94.55,33,257,HIGH,HIGH,75.22
Platform,PS2,Japan,1,70.91,HIGH,76.25,15.79,57.90,91.58,16.67,100.00,101,35,MEDIUM,HIGH,75.21
Platform,PS2,Other,1,70.91,HIGH,76.25,15.79,57.90,91.58,16.67,100.00,101,35,MEDIUM,HIGH,75.21
Sports,2600,North America,8,75.45,HIGH,91.25,94.74,23.69,57.00,83.33,100.00,12,222,HIGH,MEDIUM,75.16
Shooter,XB,PAL,11,72.98,HIGH,92.50,63.16,36.85,48.00,83.33,100.00,132,285,HIGH,HIGH,75.04
Fighting,SNES,Other,10,75.84,HIGH,71.25,47.37,73.69,90.53,16.67,89.09,21,118,HIGH,HIGH,75.04
Shooter,PSP,PAL,11,72.98,HIGH,92.50,63.16,36.85,48.00,83.33,100.00,44,285,HIGH,HIGH,75.04
Adventure,PS,Japan,10,54.23,HIGH,8.75,26.32,78.95,87.06,66.67,94.55,77,257,HIGH,HIGH,74.93
Adventure,PS,North America,10,54.23,HIGH,8.75,26.32,78.95,87.06,66.67,94.55,77,257,HIGH,HIGH,74.93
Adventure,PS,PAL,10,54.23,HIGH,8.75,26.32,78.95,87.06,66.67,94.55,77,257,HIGH,HIGH,74.93
Puzzle,PS2,North America,1,58.24,HIGH,18.75,0.00,84.21,80.00,83.33,100.00,17,37,MEDIUM,MEDIUM,74.88
Puzzle,PS2,Japan,1,58.24,HIGH,18.75,0.00,84.21,80.00,83.33,100.00,17,37,MEDIUM,MEDIUM,74.88
Platform,PS4,North America,1,70.91,HIGH,76.25,15.79,57.90,40.00,100.00,100.00,38,35,MEDIUM,HIGH,74.82
Strategy,SNES,Japan,11,52.75,HIGH,10.00,42.11,50.00,94.67,83.33,87.27,14,95,HIGH,MEDIUM,74.72
Shooter,PS2,Other,11,72.98,HIGH,92.50,63.16,36.85,66.67,50.00,100.00,158,285,HIGH,HIGH,74.71
Role-Playing,XB,North America,11,51.56,HIGH,36.25,5.26,39.48,85.56,66.67,100.00,21,157,HIGH,HIGH,74.44
Misc,PS3,North America,10,60.94,HIGH,33.75,36.84,57.90,62.11,83.33,100.00,166,339,HIGH,HIGH,74.36
Platform,NES,Other,1,70.91,HIGH,76.25,15.79,57.90,100.00,16.67,100.00,16,35,MEDIUM,MEDIUM,74.32
Platform,NES,Japan,1,70.91,HIGH,76.25,15.79,57.90,100.00,16.67,100.00,16,35,MEDIUM,MEDIUM,74.32
Platform,GBA,PAL,1,70.91,HIGH,76.25,15.79,57.90,57.89,66.67,100.00,142,35,MEDIUM,HIGH,74.29
Simulation,WII,Japan,10,54.64,HIGH,27.50,57.89,26.32,82.67,66.67,96.36,90,167,HIGH,HIGH,74.25
Misc,N64,North America,10,60.94,HIGH,33.75,36.84,57.90,73.68,83.33,100.00,13,339,HIGH,MEDIUM,74.25
Fighting,XB,North America,10,75.84,HIGH,71.25,47.37,73.69,47.37,83.33,89.09,48,118,HIGH,HIGH,74.25
Shooter,N64,North America,11,72.98,HIGH,92.50,63.16,36.85,54.67,66.67,100.00,24,285,HIGH,HIGH,74.21
Action-Adventure,3DS,PAL,2,79.64,HIGH,97.50,68.42,50.00,40.00,83.33,92.00,30,20,MEDIUM,HIGH,74.17
Sports,PS2,Japan,8,75.45,HIGH,91.25,94.74,23.69,91.00,0.00,100.00,404,222,HIGH,HIGH,74.16
Action,2600,Other,10,64.73,HIGH,70.00,10.53,55.26,88.89,33.33,94.55,63,422,HIGH,HIGH,74.06
Platform,3DS,North America,1,70.91,HIGH,76.25,15.79,57.90,36.84,100.00,100.00,33,35,MEDIUM,HIGH,74.03
Racing,PS3,Other,11,59.18,HIGH,55.00,21.05,42.11,85.00,50.00,96.36,95,272,HIGH,HIGH,73.92
Simulation,XB,Japan,10,54.64,HIGH,27.50,57.89,26.32,81.33,66.67,96.36,26,167,HIGH,HIGH,73.91
Sports,XB,Other,8,75.45,HIGH,91.25,94.74,23.69,50.00,66.67,100.00,177,222,HIGH,HIGH,73.91
Simulation,PS2,Japan,10,54.64,HIGH,27.50,57.89,26.32,81.33,66.67,96.36,91,167,HIGH,HIGH,73.91
Sports,PSP,North America,8,75.45,HIGH,91.25,94.74,23.69,40.00,83.33,100.00,157,222,HIGH,HIGH,73.91
Sports,PS3,Japan,8,75.45,HIGH,91.25,94.74,23.69,90.00,0.00,100.00,232,222,HIGH,HIGH,73.91
Shooter,XONE,Japan,11,72.98,HIGH,92.50,63.16,36.85,93.33,0.00,100.00,64,285,HIGH,HIGH,73.88
Misc,PS,Japan,10,60.94,HIGH,33.75,36.84,57.90,100.00,16.67,100.00,75,339,HIGH,HIGH,73.83
Action,PS4,PAL,10,64.73,HIGH,70.00,10.53,55.26,57.78,83.33,94.55,179,422,HIGH,HIGH,73.78
Action,X360,Other,10,64.73,HIGH,70.00,10.53,55.26,87.78,33.33,94.55,235,422,HIGH,HIGH,73.78
Action,PS4,North America,10,64.73,HIGH,70.00,10.53,55.26,57.78,83.33,94.55,179,422,HIGH,HIGH,73.78
Adventure,X360,North America,10,54.23,HIGH,8.75,26.32,78.95,82.35,66.67,94.55,67,257,HIGH,HIGH,73.75
Adventure,X360,PAL,10,54.23,HIGH,8.75,26.32,78.95,82.35,66.67,94.55,67,257,HIGH,HIGH,73.75
Adventure,X360,Japan,10,54.23,HIGH,8.75,26.32,78.95,82.35,66.67,94.55,67,257,HIGH,HIGH,73.75
Misc,GBA,Other,10,60.94,HIGH,33.75,36.84,57.90,69.47,66.67,100.00,116,339,HIGH,HIGH,73.70
Sports,DC,Other,8,75.45,HIGH,91.25,94.74,23.69,61.00,66.67,100.00,10,222,HIGH,MEDIUM,73.66
Fighting,XONE,North America,10,75.84,HIGH,71.25,47.37,73.69,56.84,83.33,89.09,16,118,HIGH,MEDIUM,73.62
Racing,N64,North America,11,59.18,HIGH,55.00,21.05,42.11,73.75,66.67,96.36,47,272,HIGH,HIGH,73.61
Role-Playing,PS,North America,11,51.56,HIGH,36.25,5.26,39.48,82.22,66.67,100.00,80,157,HIGH,HIGH,73.60
Misc,XB,North America,10,60.94,HIGH,33.75,36.84,57.90,58.95,83.33,100.00,45,339,HIGH,HIGH,73.57
Strategy,X360,North America,11,52.75,HIGH,10.00,42.11,50.00,88.00,66.67,87.27,28,95,HIGH,HIGH,73.55
Strategy,PS,North America,11,52.75,HIGH,10.00,42.11,50.00,88.00,66.67,87.27,70,95,HIGH,HIGH,73.55
Action-Adventure,PS3,Japan,2,79.64,HIGH,97.50,68.42,50.00,87.50,0.00,92.00,30,20,MEDIUM,HIGH,73.55
Action,XB,PAL,10,64.73,HIGH,70.00,10.53,55.26,56.67,83.33,94.55,137,422,HIGH,HIGH,73.51
Action,PS2,Other,10,64.73,HIGH,70.00,10.53,55.26,86.67,33.33,94.55,283,422,HIGH,HIGH,73.51
Action,XB,North America,10,64.73,HIGH,70.00,10.53,55.26,56.67,83.33,94.55,137,422,HIGH,HIGH,73.51
Misc,PS2,PAL,10,60.94,HIGH,33.75,36.84,57.90,88.42,33.33,100.00,220,339,HIGH,HIGH,73.43
Strategy,GBA,Japan,11,52.75,HIGH,10.00,42.11,50.00,89.33,83.33,87.27,18,95,HIGH,MEDIUM,73.39
Role-Playing,GB,North America,11,51.56,HIGH,36.25,5.26,39.48,93.33,66.67,100.00,11,157,HIGH,MEDIUM,73.38
Role-Playing,PS3,North America,11,51.56,HIGH,36.25,5.26,39.48,81.11,66.67,100.00,101,157,HIGH,HIGH,73.32
Racing,X360,Other,11,59.18,HIGH,55.00,21.05,42.11,82.50,50.00,96.36,113,272,HIGH,HIGH,73.29
Platform,N64,PAL,1,70.91,HIGH,76.25,15.79,57.90,53.68,66.67,100.00,24,35,MEDIUM,HIGH,73.24
Music,XONE,Japan,10,55.90,HIGH,63.75,31.58,31.58,86.67,66.67,100.00,13,81,HIGH,MEDIUM,73.23
Music,XONE,PAL,10,55.90,HIGH,63.75,31.58,31.58,86.67,66.67,100.00,13,81,HIGH,MEDIUM,73.23
Music,XONE,North America,10,55.90,HIGH,63.75,31.58,31.58,86.67,66.67,100.00,13,81,HIGH,MEDIUM,73.23
Fighting,PS,Other,10,75.84,HIGH,71.25,47.37,73.69,83.16,16.67,89.09,102,118,HIGH,HIGH,73.20
Misc,XONE,North America,10,60.94,HIGH,33.75,36.84,57.90,69.47,83.33,100.00,16,339,HIGH,MEDIUM,73.20
Adventure,WII,Japan,10,54.23,HIGH,8.75,26.32,78.95,80.00,66.67,94.55,121,257,HIGH,HIGH,73.16
Adventure,WII,PAL,10,54.23,HIGH,8.75,26.32,78.95,80.00,66.67,94.55,121,257,HIGH,HIGH,73.16
Adventure,WII,North America,10,54.23,HIGH,8.75,26.32,78.95,80.00,66.67,94.55,121,257,HIGH,HIGH,73.16
Simulation,PS,PAL,10,54.64,HIGH,27.50,57.89,26.32,88.00,50.00,96.36,46,167,HIGH,HIGH,73.08
Simulation,GC,PAL,10,54.64,HIGH,27.50,57.89,26.32,100.00,50.00,96.36,13,167,HIGH,MEDIUM,73.08
Misc,GC,North America,10,60.94,HIGH,33.75,36.84,57.90,56.84,83.33,100.00,29,339,HIGH,HIGH,73.04
Racing,PSP,North America,11,59.18,HIGH,55.00,21.05,42.11,71.25,66.67,96.36,73,272,HIGH,HIGH,72.98
Fighting,N64,Other,10,75.84,HIGH,71.25,47.37,73.69,82.11,16.67,89.09,28,118,HIGH,HIGH,72.94
Action-Adventure,WIIU,PAL,2,79.64,HIGH,97.50,68.42,50.00,35.00,83.33,92.00,24,20,MEDIUM,HIGH,72.92
Sports,WII,Other,8,75.45,HIGH,91.25,94.74,23.69,46.00,66.67,100.00,273,222,HIGH,HIGH,72.91
Misc,WII,PAL,10,60.94,HIGH,33.75,36.84,57.90,86.32,33.33,100.00,288,339,HIGH,HIGH,72.91
Shooter,2600,Japan,11,72.98,HIGH,92.50,63.16,36.85,89.33,0.00,100.00,25,285,HIGH,HIGH,72.88
Adventure,PS3,North America,10,54.23,HIGH,8.75,26.32,78.95,78.82,66.67,94.55,72,257,HIGH,HIGH,72.87
Adventure,PS3,Japan,10,54.23,HIGH,8.75,26.32,78.95,78.82,66.67,94.55,72,257,HIGH,HIGH,72.87
Adventure,PS3,PAL,10,54.23,HIGH,8.75,26.32,78.95,78.82,66.67,94.55,72,257,HIGH,HIGH,72.87
Simulation,X360,North America,10,54.64,HIGH,27.50,57.89,26.32,66.67,83.33,96.36,40,167,HIGH,HIGH,72.75
Platform,PSP,PAL,1,70.91,HIGH,76.25,15.79,57.90,51.58,66.67,100.00,39,35,MEDIUM,HIGH,72.71
Platform,XONE,North America,1,70.91,HIGH,76.25,15.79,57.90,31.58,100.00,100.00,22,35,MEDIUM,HIGH,72.71
Platform,DS,North America,1,70.91,HIGH,76.25,15.79,57.90,31.58,100.00,100.00,98,35,MEDIUM,HIGH,72.71
Action,XONE,PAL,10,64.73,HIGH,70.00,10.53,55.26,53.33,83.33,94.55,102,422,HIGH,HIGH,72.67
Action,XONE,North America,10,64.73,HIGH,70.00,10.53,55.26,53.33,83.33,94.55,102,422,HIGH,HIGH,72.67
Sports,2600,Other,8,75.45,HIGH,91.25,94.74,23.69,57.00,66.67,100.00,12,222,HIGH,MEDIUM,72.66
Platform,X360,Other,1,70.91,HIGH,76.25,15.79,57.90,81.05,16.67,100.00,33,35,MEDIUM,HIGH,72.58
Platform,X360,Japan,1,70.91,HIGH,76.25,15.79,57.90,81.05,16.67,100.00,33,35,MEDIUM,HIGH,72.58
Shooter,PS4,Japan,11,72.98,HIGH,92.50,63.16,36.85,88.00,0.00,100.00,82,285,HIGH,HIGH,72.54
Shooter,PSP,North America,11,72.98,HIGH,92.50,63.16,36.85,48.00,66.67,100.00,44,285,HIGH,HIGH,72.54
Shooter,XB,North America,11,72.98,HIGH,92.50,63.16,36.85,48.00,66.67,100.00,132,285,HIGH,HIGH,72.54
Shooter,PS,PAL,11,72.98,HIGH,92.50,63.16,36.85,37.33,83.33,100.00,101,285,HIGH,HIGH,72.38
Puzzle,SNES,PAL,1,58.24,HIGH,18.75,0.00,84.21,100.00,33.33,100.00,13,37,MEDIUM,MEDIUM,72.38
Visual Novel,PS3,North America,5,60.66,HIGH,0.00,52.63,71.05,100.00,50.00,77.50,22,16,LOW,MEDIUM,72.36
Visual Novel,PS3,Other,5,60.66,HIGH,0.00,52.63,71.05,100.00,50.00,77.50,22,16,LOW,MEDIUM,72.36
Strategy,SNES,North America,11,52.75,HIGH,10.00,42.11,50.00,94.67,66.67,87.27,14,95,HIGH,MEDIUM,72.22
Shooter,PS3,Japan,11,72.98,HIGH,92.50,63.16,36.85,86.67,0.00,100.00,156,285,HIGH,HIGH,72.21
Role-Playing,X360,Other,11,51.56,HIGH,36.25,5.26,39.48,96.67,33.33,100.00,75,157,HIGH,HIGH,72.21
Music,WII,PAL,10,55.90,HIGH,63.75,31.58,31.58,70.00,66.67,100.00,22,81,HIGH,HIGH,72.07
Music,WII,Japan,10,55.90,HIGH,63.75,31.58,31.58,70.00,66.67,100.00,22,81,HIGH,HIGH,72.07
Music,WII,North America,10,55.90,HIGH,63.75,31.58,31.58,70.00,66.67,100.00,22,81,HIGH,HIGH,72.07
Racing,PS4,PAL,11,59.18,HIGH,55.00,21.05,42.11,57.50,83.33,96.36,60,272,HIGH,HIGH,72.04
Visual Novel,PS4,Japan,5,60.66,HIGH,0.00,52.63,71.05,68.00,100.00,77.50,16,16,LOW,MEDIUM,71.86
Misc,PS3,Other,10,60.94,HIGH,33.75,36.84,57.90,62.11,66.67,100.00,166,339,HIGH,HIGH,71.86
Simulation,WII,PAL,10,54.64,HIGH,27.50,57.89,26.32,82.67,50.00,96.36,90,167,HIGH,HIGH,71.75
Fighting,GC,PAL,10,75.84,HIGH,71.25,47.37,73.69,67.37,33.33,89.09,42,118,HIGH,HIGH,71.75
Misc,N64,Other,10,60.94,HIGH,33.75,36.84,57.90,73.68,66.67,100.00,13,339,HIGH,MEDIUM,71.75
Fighting,XB,Japan,10,75.84,HIGH,71.25,47.37,73.69,47.37,66.67,89.09,48,118,HIGH,HIGH,71.75
Shooter,N64,Other,11,72.98,HIGH,92.50,63.16,36.85,54.67,50.00,100.00,24,285,HIGH,HIGH,71.71
Action-Adventure,3DS,North America,2,79.64,HIGH,97.50,68.42,50.00,40.00,66.67,92.00,30,20,MEDIUM,HIGH,71.67
Puzzle,3DS,Japan,1,58.24,HIGH,18.75,0.00,84.21,55.00,83.33,100.00,33,37,MEDIUM,HIGH,71.63
Puzzle,3DS,North America,1,58.24,HIGH,18.75,0.00,84.21,55.00,83.33,100.00,33,37,MEDIUM,HIGH,71.63
Action,PS,Other,10,64.73,HIGH,70.00,10.53,55.26,78.89,33.33,94.55,128,422,HIGH,HIGH,71.56
Sports,3DS,North America,8,75.45,HIGH,91.25,94.74,23.69,30.00,83.33,100.00,31,222,HIGH,HIGH,71.41
Sports,PSP,Other,8,75.45,HIGH,91.25,94.74,23.69,40.00,66.67,100.00,157,222,HIGH,HIGH,71.41
Sports,XB,PAL,8,75.45,HIGH,91.25,94.74,23.69,50.00,50.00,100.00,177,222,HIGH,HIGH,71.41
Simulation,XB,PAL,10,54.64,HIGH,27.50,57.89,26.32,81.33,50.00,96.36,26,167,HIGH,HIGH,71.41
Simulation,PS2,PAL,10,54.64,HIGH,27.50,57.89,26.32,81.33,50.00,96.36,91,167,HIGH,HIGH,71.41
Sports,X360,Japan,8,75.45,HIGH,91.25,94.74,23.69,80.00,0.00,100.00,241,222,HIGH,HIGH,71.41
Platform,GC,PAL,1,70.91,HIGH,76.25,15.79,57.90,46.32,66.67,100.00,68,35,MEDIUM,HIGH,71.40
Platform,PS,Japan,1,70.91,HIGH,76.25,15.79,57.90,75.79,16.67,100.00,55,35,MEDIUM,HIGH,71.27
Platform,PS,Other,1,70.91,HIGH,76.25,15.79,57.90,75.79,16.67,100.00,55,35,MEDIUM,HIGH,71.27
Sports,DC,PAL,8,75.45,HIGH,91.25,94.74,23.69,61.00,50.00,100.00,10,222,HIGH,MEDIUM,71.16
Fighting,XONE,Japan,10,75.84,HIGH,71.25,47.37,73.69,56.84,66.67,89.09,16,118,HIGH,MEDIUM,71.12
Racing,N64,Other,11,59.18,HIGH,55.00,21.05,42.11,73.75,50.00,96.36,47,272,HIGH,HIGH,71.10
Misc,XB,Other,10,60.94,HIGH,33.75,36.84,57.90,58.95,66.67,100.00,45,339,HIGH,HIGH,71.07
Strategy,X360,PAL,11,52.75,HIGH,10.00,42.11,50.00,88.00,50.00,87.27,28,95,HIGH,HIGH,71.05
Strategy,PS,PAL,11,52.75,HIGH,10.00,42.11,50.00,88.00,50.00,87.27,70,95,HIGH,HIGH,71.05
Action,PS3,Japan,10,64.73,HIGH,70.00,10.53,55.26,96.67,0.00,94.55,271,422,HIGH,HIGH,71.01
Fighting,PS2,PAL,10,75.84,HIGH,71.25,47.37,73.69,64.21,33.33,89.09,138,118,HIGH,HIGH,70.96
Misc,PS2,Japan,10,60.94,HIGH,33.75,36.84,57.90,88.42,16.67,100.00,220,339,HIGH,HIGH,70.93
Strategy,GBA,North America,11,52.75,HIGH,10.00,42.11,50.00,89.33,66.67,87.27,18,95,HIGH,MEDIUM,70.89
Puzzle,PS,PAL,1,58.24,HIGH,18.75,0.00,84.21,81.67,33.33,100.00,32,37,MEDIUM,HIGH,70.80
Misc,X360,PAL,10,60.94,HIGH,33.75,36.84,57.90,77.89,33.33,100.00,132,339,HIGH,HIGH,70.80
Misc,XONE,Other,10,60.94,HIGH,33.75,36.84,57.90,69.47,66.67,100.00,16,339,HIGH,MEDIUM,70.70
Misc,GC,Other,10,60.94,HIGH,33.75,36.84,57.90,56.84,66.67,100.00,29,339,HIGH,HIGH,70.54
Racing,PSP,Other,11,59.18,HIGH,55.00,21.05,42.11,71.25,50.00,96.36,73,272,HIGH,HIGH,70.48
Fighting,SAT,PAL,10,75.84,HIGH,71.25,47.37,73.69,62.11,33.33,89.09,31,118,HIGH,HIGH,70.43
Fighting,PS4,PAL,10,75.84,HIGH,71.25,47.37,73.69,62.11,33.33,89.09,41,118,HIGH,HIGH,70.43
Action-Adventure,WIIU,North America,2,79.64,HIGH,97.50,68.42,50.00,35.00,66.67,92.00,24,20,MEDIUM,HIGH,70.42
Misc,WII,Japan,10,60.94,HIGH,33.75,36.84,57.90,86.32,16.67,100.00,288,339,HIGH,HIGH,70.41
Sports,WII,PAL,8,75.45,HIGH,91.25,94.74,23.69,46.00,50.00,100.00,273,222,HIGH,HIGH,70.41
Shooter,SAT,PAL,11,72.98,HIGH,92.50,63.16,36.85,29.33,83.33,100.00,21,285,HIGH,HIGH,70.38
Role-Playing,PS2,Japan,11,51.56,HIGH,36.25,5.26,39.48,58.89,83.33,100.00,150,157,HIGH,HIGH,70.27
Simulation,X360,Japan,10,54.64,HIGH,27.50,57.89,26.32,66.67,66.67,96.36,40,167,HIGH,HIGH,70.25
Sports,2600,PAL,8,75.45,HIGH,91.25,94.74,23.69,57.00,50.00,100.00,12,222,HIGH,MEDIUM,70.16
Sports,PS,Japan,8,75.45,HIGH,91.25,94.74,23.69,75.00,0.00,100.00,220,222,HIGH,HIGH,70.16
Shooter,PSP,Other,11,72.98,HIGH,92.50,63.16,36.85,48.00,50.00,100.00,44,285,HIGH,HIGH,70.04
Shooter,XB,Other,11,72.98,HIGH,92.50,63.16,36.85,48.00,50.00,100.00,132,285,HIGH,HIGH,70.04
Sports,XONE,Japan,8,75.45,HIGH,91.25,94.74,23.69,74.00,0.00,100.00,68,222,HIGH,HIGH,69.91
Sports,SNES,Japan,8,75.45,HIGH,91.25,94.74,23.69,74.00,0.00,100.00,49,222,HIGH,HIGH,69.91
Shooter,PS,North America,11,72.98,HIGH,92.50,63.16,36.85,37.33,66.67,100.00,101,285,HIGH,HIGH,69.88
Visual Novel,PSP,Japan,5,60.66,HIGH,0.00,52.63,71.05,60.00,100.00,77.50,71,16,LOW,MEDIUM,69.86
Platform,XB,North America,1,70.91,HIGH,76.25,15.79,57.90,20.00,100.00,100.00,50,35,MEDIUM,HIGH,69.82
Platform,PS4,PAL,1,70.91,HIGH,76.25,15.79,57.90,40.00,66.67,100.00,38,35,MEDIUM,HIGH,69.82
Fighting,WII,North America,10,75.84,HIGH,71.25,47.37,73.69,29.47,83.33,89.09,44,118,HIGH,HIGH,69.77
Strategy,SNES,PAL,11,52.75,HIGH,10.00,42.11,50.00,94.67,50.00,87.27,14,95,HIGH,MEDIUM,69.72
Role-Playing,X360,PAL,11,51.56,HIGH,36.25,5.26,39.48,96.67,16.67,100.00,75,157,HIGH,HIGH,69.71
Shooter,GC,PAL,11,72.98,HIGH,92.50,63.16,36.85,26.67,83.33,100.00,48,285,HIGH,HIGH,69.71
Sports,NS,North America,8,75.45,HIGH,91.25,94.74,23.69,35.00,83.33,100.00,16,222,HIGH,MEDIUM,69.66
Racing,PS4,North America,11,59.18,HIGH,55.00,21.05,42.11,57.50,66.67,96.36,60,272,HIGH,HIGH,69.54
Shooter,X360,Japan,11,72.98,HIGH,92.50,63.16,36.85,76.00,0.00,100.00,203,285,HIGH,HIGH,69.54
Puzzle,GC,Japan,1,58.24,HIGH,18.75,0.00,84.21,58.33,83.33,100.00,12,37,MEDIUM,MEDIUM,69.47
Puzzle,GC,North America,1,58.24,HIGH,18.75,0.00,84.21,58.33,83.33,100.00,12,37,MEDIUM,MEDIUM,69.47
Role-Playing,XB,Other,11,51.56,HIGH,36.25,5.26,39.48,85.56,33.33,100.00,21,157,HIGH,HIGH,69.44
Shooter,WII,PAL,11,72.98,HIGH,92.50,63.16,36.85,25.33,83.33,100.00,66,285,HIGH,HIGH,69.38
Misc,PS4,North America,10,60.94,HIGH,33.75,36.84,57.90,42.11,83.33,100.00,32,339,HIGH,HIGH,69.36
Action,GC,PAL,10,64.73,HIGH,70.00,10.53,55.26,40.00,83.33,94.55,80,422,HIGH,HIGH,69.34
Action,GC,North America,10,64.73,HIGH,70.00,10.53,55.26,40.00,83.33,94.55,80,422,HIGH,HIGH,69.34
Fighting,GC,Other,10,75.84,HIGH,71.25,47.37,73.69,67.37,16.67,89.09,42,118,HIGH,HIGH,69.25
Racing,PS2,Japan,11,59.18,HIGH,55.00,21.05,42.11,96.25,0.00,96.36,214,272,HIGH,HIGH,69.23
Action-Adventure,XONE,Japan,2,79.64,HIGH,97.50,68.42,50.00,70.00,0.00,92.00,41,20,MEDIUM,HIGH,69.17
Action-Adventure,3DS,Other,2,79.64,HIGH,97.50,68.42,50.00,40.00,50.00,92.00,30,20,MEDIUM,HIGH,69.17
Simulation,PS3,North America,10,54.64,HIGH,27.50,57.89,26.32,52.00,83.33,96.36,37,167,HIGH,HIGH,69.08
Action,2600,Japan,10,64.73,HIGH,70.00,10.53,55.26,88.89,0.00,94.55,63,422,HIGH,HIGH,69.06
Action,N64,Other,10,64.73,HIGH,70.00,10.53,55.26,68.89,33.33,94.55,33,422,HIGH,HIGH,69.06
Puzzle,X360,Japan,1,58.24,HIGH,18.75,0.00,84.21,56.67,83.33,100.00,11,37,MEDIUM,MEDIUM,69.05
Puzzle,X360,North America,1,58.24,HIGH,18.75,0.00,84.21,56.67,83.33,100.00,11,37,MEDIUM,MEDIUM,69.05
Strategy,WII,Japan,11,52.75,HIGH,10.00,42.11,50.00,60.00,83.33,87.27,22,95,HIGH,HIGH,69.05
Platform,3DS,PAL,1,70.91,HIGH,76.25,15.79,57.90,36.84,66.67,100.00,33,35,MEDIUM,HIGH,69.03
Racing,PS,Japan,11,59.18,HIGH,55.00,21.05,42.11,95.00,0.00,96.36,140,272,HIGH,HIGH,68.92
Sports,3DS,Other,8,75.45,HIGH,91.25,94.74,23.69,30.00,66.67,100.00,31,222,HIGH,HIGH,68.91
Sports,PSP,PAL,8,75.45,HIGH,91.25,94.74,23.69,40.00,50.00,100.00,157,222,HIGH,HIGH,68.91
Sports,GC,North America,8,75.45,HIGH,91.25,94.74,23.69,20.00,83.33,100.00,109,222,HIGH,HIGH,68.91
Role-Playing,WII,Japan,11,51.56,HIGH,36.25,5.26,39.48,53.33,83.33,100.00,25,157,HIGH,HIGH,68.88
Role-Playing,SNES,Japan,11,51.56,HIGH,36.25,5.26,39.48,53.33,83.33,100.00,36,157,HIGH,HIGH,68.88
Action,PSP,PAL,10,64.73,HIGH,70.00,10.53,55.26,37.78,83.33,94.55,157,422,HIGH,HIGH,68.78
Action,X360,Japan,10,64.73,HIGH,70.00,10.53,55.26,87.78,0.00,94.55,235,422,HIGH,HIGH,68.78
Action,PSP,North America,10,64.73,HIGH,70.00,10.53,55.26,37.78,83.33,94.55,157,422,HIGH,HIGH,68.78
Simulation,GBA,North America,10,54.64,HIGH,27.50,57.89,26.32,50.67,83.33,96.36,23,167,HIGH,HIGH,68.75
Misc,GBA,PAL,10,60.94,HIGH,33.75,36.84,57.90,69.47,33.33,100.00,116,339,HIGH,HIGH,68.70
Role-Playing,PS,Other,11,51.56,HIGH,36.25,5.26,39.48,82.22,33.33,100.00,80,157,HIGH,HIGH,68.60
Action-Adventure,PS4,Japan,2,79.64,HIGH,97.50,68.42,50.00,67.50,0.00,92.00,59,20,MEDIUM,HIGH,68.55
Action,PS2,Japan,10,64.73,HIGH,70.00,10.53,55.26,86.67,0.00,94.55,283,422,HIGH,HIGH,68.51
Fighting,PS2,Other,10,75.84,HIGH,71.25,47.37,73.69,64.21,16.67,89.09,138,118,HIGH,HIGH,68.46
Strategy,PS3,Japan,11,52.75,HIGH,10.00,42.11,50.00,57.33,83.33,87.27,25,95,HIGH,HIGH,68.39
Strategy,GBA,PAL,11,52.75,HIGH,10.00,42.11,50.00,89.33,50.00,87.27,18,95,HIGH,MEDIUM,68.39
Role-Playing,GB,Other,11,51.56,HIGH,36.25,5.26,39.48,93.33,33.33,100.00,11,157,HIGH,MEDIUM,68.38
Role-Playing,PS3,Other,11,51.56,HIGH,36.25,5.26,39.48,81.11,33.33,100.00,101,157,HIGH,HIGH,68.32
Misc,X360,Japan,10,60.94,HIGH,33.75,36.84,57.90,77.89,16.67,100.00,132,339,HIGH,HIGH,68.30
Platform,SNES,Japan,1,70.91,HIGH,76.25,15.79,57.90,75.79,16.67,100.00,17,35,MEDIUM,MEDIUM,68.27
Platform,SNES,Other,1,70.91,HIGH,76.25,15.79,57.90,75.79,16.67,100.00,17,35,MEDIUM,MEDIUM,68.27
Action,GBA,North America,10,64.73,HIGH,70.00,10.53,55.26,35.56,83.33,94.55,177,422,HIGH,HIGH,68.23
Action,GBA,PAL,10,64.73,HIGH,70.00,10.53,55.26,35.56,83.33,94.55,177,422,HIGH,HIGH,68.23
Role-Playing,SAT,Japan,11,51.56,HIGH,36.25,5.26,39.48,62.22,83.33,100.00,17,157,HIGH,MEDIUM,68.10
Racing,PSV,PAL,11,59.18,HIGH,55.00,21.05,42.11,53.75,83.33,96.36,12,272,HIGH,MEDIUM,68.10
Simulation,DS,North America,10,54.64,HIGH,27.50,57.89,26.32,48.00,83.33,96.36,335,167,HIGH,HIGH,68.08
Action-Adventure,PSV,PAL,2,79.64,HIGH,97.50,68.42,50.00,27.50,83.33,92.00,16,20,MEDIUM,MEDIUM,68.05
Action,WII,Other,10,64.73,HIGH,70.00,10.53,55.26,64.44,33.33,94.55,178,422,HIGH,HIGH,67.95
Fighting,PS4,Other,10,75.84,HIGH,71.25,47.37,73.69,62.11,16.67,89.09,41,118,HIGH,HIGH,67.94
Fighting,SAT,Other,10,75.84,HIGH,71.25,47.37,73.69,62.11,16.67,89.09,31,118,HIGH,HIGH,67.94
Fighting,DS,North America,10,75.84,HIGH,71.25,47.37,73.69,22.11,83.33,89.09,36,118,HIGH,HIGH,67.93
Action-Adventure,WIIU,Other,2,79.64,HIGH,97.50,68.42,50.00,35.00,50.00,92.00,24,20,MEDIUM,HIGH,67.92
Sports,N64,Japan,8,75.45,HIGH,91.25,94.74,23.69,66.00,0.00,100.00,76,222,HIGH,HIGH,67.91
Shooter,SAT,North America,11,72.98,HIGH,92.50,63.16,36.85,29.33,66.67,100.00,21,285,HIGH,HIGH,67.88
Adventure,XB,Japan,10,54.23,HIGH,8.75,26.32,78.95,58.82,66.67,94.55,46,257,HIGH,HIGH,67.87
Adventure,XB,PAL,10,54.23,HIGH,8.75,26.32,78.95,58.82,66.67,94.55,46,257,HIGH,HIGH,67.87
Adventure,XB,North America,10,54.23,HIGH,8.75,26.32,78.95,58.82,66.67,94.55,46,257,HIGH,HIGH,67.87
Platform,WII,Japan,1,70.91,HIGH,76.25,15.79,57.90,62.11,16.67,100.00,47,35,MEDIUM,HIGH,67.85
Platform,WII,Other,1,70.91,HIGH,76.25,15.79,57.90,62.11,16.67,100.00,47,35,MEDIUM,HIGH,67.85
Puzzle,N64,PAL,1,58.24,HIGH,18.75,0.00,84.21,81.67,33.33,100.00,12,37,MEDIUM,MEDIUM,67.80
Role-Playing,PS2,North America,11,51.56,HIGH,36.25,5.26,39.48,58.89,66.67,100.00,150,157,HIGH,HIGH,67.77
Simulation,X360,PAL,10,54.64,HIGH,27.50,57.89,26.32,66.67,50.00,96.36,40,167,HIGH,HIGH,67.75
Strategy,PS2,Japan,11,52.75,HIGH,10.00,42.11,50.00,54.67,83.33,87.27,71,95,HIGH,HIGH,67.72
Platform,XONE,PAL,1,70.91,HIGH,76.25,15.79,57.90,31.58,66.67,100.00,22,35,MEDIUM,HIGH,67.71
Platform,DS,PAL,1,70.91,HIGH,76.25,15.79,57.90,31.58,66.67,100.00,98,35,MEDIUM,HIGH,67.71
Racing,WII,PAL,11,59.18,HIGH,55.00,21.05,42.11,40.00,83.33,96.36,109,272,HIGH,HIGH,67.67
Sports,PSV,North America,8,75.45,HIGH,91.25,94.74,23.69,15.00,83.33,100.00,30,222,HIGH,HIGH,67.66
Role-Playing,GBA,Japan,11,51.56,HIGH,36.25,5.26,39.48,47.78,83.33,100.00,61,157,HIGH,HIGH,67.49
Puzzle,DS,North America,1,58.24,HIGH,18.75,0.00,84.21,38.33,83.33,100.00,271,37,MEDIUM,HIGH,67.47
Puzzle,GBA,North America,1,58.24,HIGH,18.75,0.00,84.21,38.33,83.33,100.00,48,37,MEDIUM,HIGH,67.47
Puzzle,DS,Japan,1,58.24,HIGH,18.75,0.00,84.21,38.33,83.33,100.00,271,37,MEDIUM,HIGH,67.47
Puzzle,GBA,Japan,1,58.24,HIGH,18.75,0.00,84.21,38.33,83.33,100.00,48,37,MEDIUM,HIGH,67.47
Shooter,PS,Other,11,72.98,HIGH,92.50,63.16,36.85,37.33,50.00,100.00,101,285,HIGH,HIGH,67.38
Puzzle,SNES,Other,1,58.24,HIGH,18.75,0.00,84.21,100.00,0.00,100.00,13,37,MEDIUM,MEDIUM,67.38
Puzzle,PS2,PAL,1,58.24,HIGH,18.75,0.00,84.21,80.00,33.33,100.00,17,37,MEDIUM,MEDIUM,67.38
Fighting,WII,Japan,10,75.84,HIGH,71.25,47.37,73.69,29.47,66.67,89.09,44,118,HIGH,HIGH,67.28
Shooter,PS2,Japan,11,72.98,HIGH,92.50,63.16,36.85,66.67,0.00,100.00,158,285,HIGH,HIGH,67.21
Shooter,GC,North America,11,72.98,HIGH,92.50,63.16,36.85,26.67,66.67,100.00,48,285,HIGH,HIGH,67.21
Sports,NS,Other,8,75.45,HIGH,91.25,94.74,23.69,35.00,66.67,100.00,16,222,HIGH,MEDIUM,67.16
Sports,DS,North America,8,75.45,HIGH,91.25,94.74,23.69,13.00,83.33,100.00,168,222,HIGH,HIGH,67.16
Misc,WIIU,North America,10,60.94,HIGH,33.75,36.84,57.90,45.26,83.33,100.00,15,339,HIGH,MEDIUM,67.14
Strategy,PSP,Japan,11,52.75,HIGH,10.00,42.11,50.00,52.00,83.33,87.27,61,95,HIGH,HIGH,67.05
Racing,PS4,Other,11,59.18,HIGH,55.00,21.05,42.11,57.50,50.00,96.36,60,272,HIGH,HIGH,67.04
Role-Playing,XB,PAL,11,51.56,HIGH,36.25,5.26,39.48,85.56,16.67,100.00,21,157,HIGH,HIGH,66.94
Platform,NS,North America,1,70.91,HIGH,76.25,15.79,57.90,8.42,100.00,100.00,31,35,MEDIUM,HIGH,66.92
Fighting,PSP,North America,10,75.84,HIGH,71.25,47.37,73.69,17.89,83.33,89.09,66,118,HIGH,HIGH,66.88
Shooter,WII,North America,11,72.98,HIGH,92.50,63.16,36.85,25.33,66.67,100.00,66,285,HIGH,HIGH,66.88
Misc,PS3,PAL,10,60.94,HIGH,33.75,36.84,57.90,62.11,33.33,100.00,166,339,HIGH,HIGH,66.86
Misc,PS4,Other,10,60.94,HIGH,33.75,36.84,57.90,42.11,66.67,100.00,32,339,HIGH,HIGH,66.86
Platform,PSV,North America,1,70.91,HIGH,76.25,15.79,57.90,20.00,100.00,100.00,11,35,MEDIUM,MEDIUM,66.82
Platform,WIIU,North America,1,70.91,HIGH,76.25,15.79,57.90,20.00,100.00,100.00,17,35,MEDIUM,MEDIUM,66.82
Action-Adventure,PC,PAL,2,79.64,HIGH,97.50,68.42,50.00,22.50,83.33,92.00,12,20,MEDIUM,MEDIUM,66.80
Platform,GBA,Japan,1,70.91,HIGH,76.25,15.79,57.90,57.89,16.67,100.00,142,35,MEDIUM,HIGH,66.79
Platform,GBA,Other,1,70.91,HIGH,76.25,15.79,57.90,57.89,16.67,100.00,142,35,MEDIUM,HIGH,66.79
Fighting,XB,PAL,10,75.84,HIGH,71.25,47.37,73.69,47.37,33.33,89.09,48,118,HIGH,HIGH,66.75
Misc,N64,PAL,10,60.94,HIGH,33.75,36.84,57.90,73.68,33.33,100.00,13,339,HIGH,MEDIUM,66.75
Racing,DS,PAL,11,59.18,HIGH,55.00,21.05,42.11,36.25,83.33,96.36,72,272,HIGH,HIGH,66.73
Strategy,SAT,Japan,11,52.75,HIGH,10.00,42.11,50.00,62.67,83.33,87.27,18,95,HIGH,MEDIUM,66.72
Misc,DS,North America,10,60.94,HIGH,33.75,36.84,57.90,31.58,83.33,100.00,451,339,HIGH,HIGH,66.72
Role-Playing,3DS,Japan,11,51.56,HIGH,36.25,5.26,39.48,44.44,83.33,100.00,78,157,HIGH,HIGH,66.66
Simulation,PS3,Japan,10,54.64,HIGH,27.50,57.89,26.32,52.00,66.67,96.36,37,167,HIGH,HIGH,66.58
Action,PS,Japan,10,64.73,HIGH,70.00,10.53,55.26,78.89,0.00,94.55,128,422,HIGH,HIGH,66.56
Strategy,WII,North America,11,52.75,HIGH,10.00,42.11,50.00,60.00,66.67,87.27,22,95,HIGH,HIGH,66.55
Racing,PS3,Japan,11,59.18,HIGH,55.00,21.05,42.11,85.00,0.00,96.36,95,272,HIGH,HIGH,66.42
Sports,GC,Other,8,75.45,HIGH,91.25,94.74,23.69,20.00,66.67,100.00,109,222,HIGH,HIGH,66.41
Sports,3DS,PAL,8,75.45,HIGH,91.25,94.74,23.69,30.00,50.00,100.00,31,222,HIGH,HIGH,66.41
Adventure,SAT,PAL,10,54.23,HIGH,8.75,26.32,78.95,52.94,66.67,94.55,26,257,HIGH,HIGH,66.40
Adventure,SAT,North America,10,54.23,HIGH,8.75,26.32,78.95,52.94,66.67,94.55,26,257,HIGH,HIGH,66.40
Adventure,SAT,Japan,10,54.23,HIGH,8.75,26.32,78.95,52.94,66.67,94.55,26,257,HIGH,HIGH,66.40
Role-Playing,PS4,Japan,11,51.56,HIGH,36.25,5.26,39.48,43.33,83.33,100.00,122,157,HIGH,HIGH,66.38
Role-Playing,SNES,North America,11,51.56,HIGH,36.25,5.26,39.48,53.33,66.67,100.00,36,157,HIGH,HIGH,66.38
Role-Playing,WII,North America,11,51.56,HIGH,36.25,5.26,39.48,53.33,66.67,100.00,25,157,HIGH,HIGH,66.38
Action,PS4,Other,10,64.73,HIGH,70.00,10.53,55.26,57.78,33.33,94.55,179,422,HIGH,HIGH,66.28
Simulation,GBA,Japan,10,54.64,HIGH,27.50,57.89,26.32,50.67,66.67,96.36,23,167,HIGH,HIGH,66.25
Misc,GBA,Japan,10,60.94,HIGH,33.75,36.84,57.90,69.47,16.67,100.00,116,339,HIGH,HIGH,66.20
Fighting,XONE,PAL,10,75.84,HIGH,71.25,47.37,73.69,56.84,33.33,89.09,16,118,HIGH,MEDIUM,66.12
Racing,XONE,PAL,11,59.18,HIGH,55.00,21.05,42.11,33.75,83.33,96.36,57,272,HIGH,HIGH,66.10
Role-Playing,PS,PAL,11,51.56,HIGH,36.25,5.26,39.48,82.22,16.67,100.00,80,157,HIGH,HIGH,66.10
Adventure,GBA,Other,10,54.23,HIGH,8.75,26.32,78.95,91.76,0.00,94.55,54,257,HIGH,HIGH,66.10
Racing,XB,PAL,11,59.18,HIGH,55.00,21.05,42.11,33.75,83.33,96.36,126,272,HIGH,HIGH,66.10
Misc,XB,PAL,10,60.94,HIGH,33.75,36.84,57.90,58.95,33.33,100.00,45,339,HIGH,HIGH,66.07
Action,XB,Other,10,64.73,HIGH,70.00,10.53,55.26,56.67,33.33,94.55,137,422,HIGH,HIGH,66.01
Fighting,PSV,North America,10,75.84,HIGH,71.25,47.37,73.69,26.32,83.33,89.09,18,118,HIGH,MEDIUM,65.99
Strategy,PS3,North America,11,52.75,HIGH,10.00,42.11,50.00,57.33,66.67,87.27,25,95,HIGH,HIGH,65.89
Role-Playing,GB,PAL,11,51.56,HIGH,36.25,5.26,39.48,93.33,16.67,100.00,11,157,HIGH,MEDIUM,65.88
Role-Playing,PS3,PAL,11,51.56,HIGH,36.25,5.26,39.48,81.11,16.67,100.00,101,157,HIGH,HIGH,65.82
Role-Playing,GC,Japan,11,51.56,HIGH,36.25,5.26,39.48,41.11,83.33,100.00,22,157,HIGH,HIGH,65.82
Puzzle,PS,Other,1,58.24,HIGH,18.75,0.00,84.21,81.67,0.00,100.00,32,37,MEDIUM,HIGH,65.80
Racing,X360,Japan,11,59.18,HIGH,55.00,21.05,42.11,82.50,0.00,96.36,113,272,HIGH,HIGH,65.79
Platform,N64,Other,1,70.91,HIGH,76.25,15.79,57.90,53.68,16.67,100.00,24,35,MEDIUM,HIGH,65.74
Platform,N64,Japan,1,70.91,HIGH,76.25,15.79,57.90,53.68,16.67,100.00,24,35,MEDIUM,HIGH,65.74
Action,DS,PAL,10,64.73,HIGH,70.00,10.53,55.26,25.56,83.33,94.55,305,422,HIGH,HIGH,65.73
Action,DS,North America,10,64.73,HIGH,70.00,10.53,55.26,25.56,83.33,94.55,305,422,HIGH,HIGH,65.73
Misc,XONE,PAL,10,60.94,HIGH,33.75,36.84,57.90,69.47,33.33,100.00,16,339,HIGH,MEDIUM,65.70
Racing,PSV,North America,11,59.18,HIGH,55.00,21.05,42.11,53.75,66.67,96.36,12,272,HIGH,MEDIUM,65.61
Role-Playing,SAT,North America,11,51.56,HIGH,36.25,5.26,39.48,62.22,66.67,100.00,17,157,HIGH,MEDIUM,65.60
Simulation,GC,Other,10,54.64,HIGH,27.50,57.89,26.32,100.00,0.00,96.36,13,167,HIGH,MEDIUM,65.58
Simulation,PS,Other,10,54.64,HIGH,27.50,57.89,26.32,88.00,0.00,96.36,46,167,HIGH,HIGH,65.58
Simulation,DS,Japan,10,54.64,HIGH,27.50,57.89,26.32,48.00,66.67,96.36,335,167,HIGH,HIGH,65.58
Action-Adventure,PSV,North America,2,79.64,HIGH,97.50,68.42,50.00,27.50,66.67,92.00,16,20,MEDIUM,MEDIUM,65.55
Misc,GC,PAL,10,60.94,HIGH,33.75,36.84,57.90,56.84,33.33,100.00,29,339,HIGH,HIGH,65.54
Fighting,3DS,North America,10,75.84,HIGH,71.25,47.37,73.69,24.21,83.33,89.09,15,118,HIGH,MEDIUM,65.46
Fighting,DS,Japan,10,75.84,HIGH,71.25,47.37,73.69,22.11,66.67,89.09,36,118,HIGH,HIGH,65.44
Simulation,3DS,North America,10,54.64,HIGH,27.50,57.89,26.32,37.33,83.33,96.36,53,167,HIGH,HIGH,65.41
Music,X360,Other,10,55.90,HIGH,63.75,31.58,31.58,83.33,0.00,100.00,20,81,HIGH,HIGH,65.40
Strategy,DS,Japan,11,52.75,HIGH,10.00,42.11,50.00,45.33,83.33,87.27,81,95,HIGH,HIGH,65.39
Puzzle,WII,North America,1,58.24,HIGH,18.75,0.00,84.21,30.00,83.33,100.00,60,37,MEDIUM,HIGH,65.38
Shooter,SAT,Other,11,72.98,HIGH,92.50,63.16,36.85,29.33,50.00,100.00,21,285,HIGH,HIGH,65.38
Puzzle,WII,Japan,1,58.24,HIGH,18.75,0.00,84.21,30.00,83.33,100.00,60,37,MEDIUM,HIGH,65.38
Adventure,GC,Other,10,54.23,HIGH,8.75,26.32,78.95,88.24,0.00,94.55,33,257,HIGH,HIGH,65.22
Strategy,PS2,North America,11,52.75,HIGH,10.00,42.11,50.00,54.67,66.67,87.27,71,95,HIGH,HIGH,65.22
Platform,PSP,Other,1,70.91,HIGH,76.25,15.79,57.90,51.58,16.67,100.00,39,35,MEDIUM,HIGH,65.21
Platform,PSP,Japan,1,70.91,HIGH,76.25,15.79,57.90,51.58,16.67,100.00,39,35,MEDIUM,HIGH,65.21
Racing,WII,North America,11,59.18,HIGH,55.00,21.05,42.11,40.00,66.67,96.36,109,272,HIGH,HIGH,65.17
Action,XONE,Other,10,64.73,HIGH,70.00,10.53,55.26,53.33,33.33,94.55,102,422,HIGH,HIGH,65.17
Sports,GBA,North America,8,75.45,HIGH,91.25,94.74,23.69,5.00,83.33,100.00,103,222,HIGH,HIGH,65.16
Sports,PSV,Other,8,75.45,HIGH,91.25,94.74,23.69,15.00,66.67,100.00,30,222,HIGH,HIGH,65.16
Shooter,PC,PAL,11,72.98,HIGH,92.50,63.16,36.85,8.00,83.33,100.00,212,285,HIGH,HIGH,65.04
Shooter,GBA,PAL,11,72.98,HIGH,92.50,63.16,36.85,8.00,83.33,100.00,45,285,HIGH,HIGH,65.04
Role-Playing,GBA,North America,11,51.56,HIGH,36.25,5.26,39.48,47.78,66.67,100.00,61,157,HIGH,HIGH,64.99
Racing,3DS,PAL,11,59.18,HIGH,55.00,21.05,42.11,41.25,83.33,96.36,12,272,HIGH,MEDIUM,64.98
Adventure,DS,PAL,10,54.23,HIGH,8.75,26.32,78.95,47.06,66.67,94.55,329,257,HIGH,HIGH,64.93
Adventure,DS,North America,10,54.23,HIGH,8.75,26.32,78.95,47.06,66.67,94.55,329,257,HIGH,HIGH,64.93
Adventure,PS,Other,10,54.23,HIGH,8.75,26.32,78.95,87.06,0.00,94.55,77,257,HIGH,HIGH,64.93
Adventure,DS,Japan,10,54.23,HIGH,8.75,26.32,78.95,47.06,66.67,94.55,329,257,HIGH,HIGH,64.93
Sports,SAT,North America,8,75.45,HIGH,91.25,94.74,23.69,16.00,83.33,100.00,17,222,HIGH,MEDIUM,64.91
Misc,3DS,North America,10,60.94,HIGH,33.75,36.84,57.90,24.21,83.33,100.00,68,339,HIGH,HIGH,64.88
Visual Novel,PS3,PAL,5,60.66,HIGH,0.00,52.63,71.05,100.00,0.00,77.50,22,16,LOW,MEDIUM,64.86
Platform,XB,PAL,1,70.91,HIGH,76.25,15.79,57.90,20.00,66.67,100.00,50,35,MEDIUM,HIGH,64.82
Platform,PC,North America,1,70.91,HIGH,76.25,15.79,57.90,0.00,100.00,100.00,29,35,MEDIUM,HIGH,64.82
Fighting,GBA,North America,10,75.84,HIGH,71.25,47.37,73.69,9.47,83.33,89.09,26,118,HIGH,HIGH,64.77
Shooter,GC,Other,11,72.98,HIGH,92.50,63.16,36.85,26.67,50.00,100.00,48,285,HIGH,HIGH,64.71
Shooter,DS,PAL,11,72.98,HIGH,92.50,63.16,36.85,6.67,83.33,100.00,46,285,HIGH,HIGH,64.71
Sports,NS,PAL,8,75.45,HIGH,91.25,94.74,23.69,35.00,50.00,100.00,16,222,HIGH,MEDIUM,64.66
Sports,DS,Other,8,75.45,HIGH,91.25,94.74,23.69,13.00,66.67,100.00,168,222,HIGH,HIGH,64.66
Misc,WIIU,Other,10,60.94,HIGH,33.75,36.84,57.90,45.26,66.67,100.00,15,339,HIGH,MEDIUM,64.64
Action,WIIU,PAL,10,64.73,HIGH,70.00,10.53,55.26,21.11,83.33,94.55,26,422,HIGH,HIGH,64.62
Action,WIIU,North America,10,64.73,HIGH,70.00,10.53,55.26,21.11,83.33,94.55,26,422,HIGH,HIGH,64.62
Strategy,PSP,North America,11,52.75,HIGH,10.00,42.11,50.00,52.00,66.67,87.27,61,95,HIGH,HIGH,64.55
Racing,GC,PAL,11,59.18,HIGH,55.00,21.05,42.11,27.50,83.33,96.36,62,272,HIGH,HIGH,64.54
Fighting,DC,North America,10,75.84,HIGH,71.25,47.37,73.69,20.00,83.33,89.09,11,118,HIGH,MEDIUM,64.41
Fighting,PSP,Japan,10,75.84,HIGH,71.25,47.37,73.69,17.89,66.67,89.09,66,118,HIGH,HIGH,64.38
Shooter,WII,Other,11,72.98,HIGH,92.50,63.16,36.85,25.33,50.00,100.00,66,285,HIGH,HIGH,64.38
Visual Novel,PS4,North America,5,60.66,HIGH,0.00,52.63,71.05,68.00,50.00,77.50,16,16,LOW,MEDIUM,64.36
Visual Novel,PS4,Other,5,60.66,HIGH,0.00,52.63,71.05,68.00,50.00,77.50,16,16,LOW,MEDIUM,64.36
Misc,PS3,Japan,10,60.94,HIGH,33.75,36.84,57.90,62.11,16.67,100.00,166,339,HIGH,HIGH,64.36
Action-Adventure,PC,North America,2,79.64,HIGH,97.50,68.42,50.00,22.50,66.67,92.00,12,20,MEDIUM,MEDIUM,64.30
Simulation,WII,Other,10,54.64,HIGH,27.50,57.89,26.32,82.67,0.00,96.36,90,167,HIGH,HIGH,64.25
Fighting,XB,Other,10,75.84,HIGH,71.25,47.37,73.69,47.37,16.67,89.09,48,118,HIGH,HIGH,64.25
Misc,N64,Japan,10,60.94,HIGH,33.75,36.84,57.90,73.68,16.67,100.00,13,339,HIGH,MEDIUM,64.25
Racing,DS,North America,11,59.18,HIGH,55.00,21.05,42.11,36.25,66.67,96.36,72,272,HIGH,HIGH,64.23
Strategy,SAT,North America,11,52.75,HIGH,10.00,42.11,50.00,62.67,66.67,87.27,18,95,HIGH,MEDIUM,64.22
Misc,DS,Other,10,60.94,HIGH,33.75,36.84,57.90,31.58,66.67,100.00,451,339,HIGH,HIGH,64.22
Shooter,N64,Japan,11,72.98,HIGH,92.50,63.16,36.85,54.67,0.00,100.00,24,285,HIGH,HIGH,64.21
Role-Playing,3DS,North America,11,51.56,HIGH,36.25,5.26,39.48,44.44,66.67,100.00,78,157,HIGH,HIGH,64.16
Role-Playing,XONE,Japan,11,51.56,HIGH,36.25,5.26,39.48,34.44,83.33,100.00,35,157,HIGH,HIGH,64.16
Puzzle,3DS,PAL,1,58.24,HIGH,18.75,0.00,84.21,55.00,33.33,100.00,33,37,MEDIUM,HIGH,64.13
Simulation,PS3,PAL,10,54.64,HIGH,27.50,57.89,26.32,52.00,50.00,96.36,37,167,HIGH,HIGH,64.08
Action,N64,Japan,10,64.73,HIGH,70.00,10.53,55.26,68.89,0.00,94.55,33,422,HIGH,HIGH,64.06
Strategy,WII,PAL,11,52.75,HIGH,10.00,42.11,50.00,60.00,50.00,87.27,22,95,HIGH,HIGH,64.05
Misc,SNES,North America,10,60.94,HIGH,33.75,36.84,57.90,32.63,83.33,100.00,16,339,HIGH,MEDIUM,63.99
Simulation,PS2,Other,10,54.64,HIGH,27.50,57.89,26.32,81.33,0.00,96.36,91,167,HIGH,HIGH,63.91
Simulation,XB,Other,10,54.64,HIGH,27.50,57.89,26.32,81.33,0.00,96.36,26,167,HIGH,HIGH,63.91
Sports,XB,Japan,8,75.45,HIGH,91.25,94.74,23.69,50.00,0.00,100.00,177,222,HIGH,HIGH,63.91
Sports,PC,North America,8,75.45,HIGH,91.25,94.74,23.69,0.00,83.33,100.00,103,222,HIGH,HIGH,63.91
Sports,GC,PAL,8,75.45,HIGH,91.25,94.74,23.69,20.00,50.00,100.00,109,222,HIGH,HIGH,63.91
Platform,GC,Other,1,70.91,HIGH,76.25,15.79,57.90,46.32,16.67,100.00,68,35,MEDIUM,HIGH,63.90
Platform,GC,Japan,1,70.91,HIGH,76.25,15.79,57.90,46.32,16.67,100.00,68,35,MEDIUM,HIGH,63.90
Role-Playing,PS4,North America,11,51.56,HIGH,36.25,5.26,39.48,43.33,66.67,100.00,122,157,HIGH,HIGH,63.88
Fighting,NG,North America,10,75.84,HIGH,71.25,47.37,73.69,17.89,83.33,89.09,11,118,HIGH,MEDIUM,63.88
Adventure,X360,Other,10,54.23,HIGH,8.75,26.32,78.95,82.35,0.00,94.55,67,257,HIGH,HIGH,63.75
Simulation,GBA,PAL,10,54.64,HIGH,27.50,57.89,26.32,50.67,50.00,96.36,23,167,HIGH,HIGH,63.75
Sports,DC,Japan,8,75.45,HIGH,91.25,94.74,23.69,61.00,0.00,100.00,10,222,HIGH,MEDIUM,63.66
Fighting,XONE,Other,10,75.84,HIGH,71.25,47.37,73.69,56.84,16.67,89.09,16,118,HIGH,MEDIUM,63.62
Racing,XB,North America,11,59.18,HIGH,55.00,21.05,42.11,33.75,66.67,96.36,126,272,HIGH,HIGH,63.61
Racing,XONE,North America,11,59.18,HIGH,55.00,21.05,42.11,33.75,66.67,96.36,57,272,HIGH,HIGH,63.61
Racing,N64,Japan,11,59.18,HIGH,55.00,21.05,42.11,73.75,0.00,96.36,47,272,HIGH,HIGH,63.60
Misc,XB,Japan,10,60.94,HIGH,33.75,36.84,57.90,58.95,16.67,100.00,45,339,HIGH,HIGH,63.57
Strategy,X360,Other,11,52.75,HIGH,10.00,42.11,50.00,88.00,0.00,87.27,28,95,HIGH,HIGH,63.55
Strategy,PS,Other,11,52.75,HIGH,10.00,42.11,50.00,88.00,0.00,87.27,70,95,HIGH,HIGH,63.55
Fighting,PSV,Japan,10,75.84,HIGH,71.25,47.37,73.69,26.32,66.67,89.09,18,118,HIGH,MEDIUM,63.49
Adventure,PS4,Japan,10,54.23,HIGH,8.75,26.32,78.95,41.18,66.67,94.55,76,257,HIGH,HIGH,63.46
Adventure,PS4,PAL,10,54.23,HIGH,8.75,26.32,78.95,41.18,66.67,94.55,76,257,HIGH,HIGH,63.46
Adventure,PS4,North America,10,54.23,HIGH,8.75,26.32,78.95,41.18,66.67,94.55,76,257,HIGH,HIGH,63.46
Strategy,PS3,PAL,11,52.75,HIGH,10.00,42.11,50.00,57.33,50.00,87.27,25,95,HIGH,HIGH,63.39
Role-Playing,GC,North America,11,51.56,HIGH,36.25,5.26,39.48,41.11,66.67,100.00,22,157,HIGH,HIGH,63.32
Misc,PSV,North America,10,60.94,HIGH,33.75,36.84,57.90,17.89,83.33,100.00,51,339,HIGH,HIGH,63.30
Music,XONE,Other,10,55.90,HIGH,63.75,31.58,31.58,86.67,0.00,100.00,13,81,HIGH,MEDIUM,63.23
Misc,XONE,Japan,10,60.94,HIGH,33.75,36.84,57.90,69.47,16.67,100.00,16,339,HIGH,MEDIUM,63.20
Adventure,WII,Other,10,54.23,HIGH,8.75,26.32,78.95,80.00,0.00,94.55,121,257,HIGH,HIGH,63.16
Adventure,3DS,North America,10,54.23,HIGH,8.75,26.32,78.95,40.00,66.67,94.55,42,257,HIGH,HIGH,63.16
Adventure,3DS,PAL,10,54.23,HIGH,8.75,26.32,78.95,40.00,66.67,94.55,42,257,HIGH,HIGH,63.16
Adventure,3DS,Japan,10,54.23,HIGH,8.75,26.32,78.95,40.00,66.67,94.55,42,257,HIGH,HIGH,63.16
Racing,PSV,Other,11,59.18,HIGH,55.00,21.05,42.11,53.75,50.00,96.36,12,272,HIGH,MEDIUM,63.10
Simulation,DS,PAL,10,54.64,HIGH,27.50,57.89,26.32,48.00,50.00,96.36,335,167,HIGH,HIGH,63.08
Simulation,PSP,North America,10,54.64,HIGH,27.50,57.89,26.32,28.00,83.33,96.36,39,167,HIGH,HIGH,63.08
Action-Adventure,PSV,Other,2,79.64,HIGH,97.50,68.42,50.00,27.50,50.00,92.00,16,20,MEDIUM,MEDIUM,63.05
Misc,GC,Japan,10,60.94,HIGH,33.75,36.84,57.90,56.84,16.67,100.00,29,339,HIGH,HIGH,63.04
Racing,PSP,Japan,11,59.18,HIGH,55.00,21.05,42.11,71.25,0.00,96.36,73,272,HIGH,HIGH,62.98
Fighting,3DS,Japan,10,75.84,HIGH,71.25,47.37,73.69,24.21,66.67,89.09,15,118,HIGH,MEDIUM,62.96
Action,3DS,North America,10,64.73,HIGH,70.00,10.53,55.26,14.44,83.33,94.55,114,422,HIGH,HIGH,62.95
Action,WII,Japan,10,64.73,HIGH,70.00,10.53,55.26,64.44,0.00,94.55,178,422,HIGH,HIGH,62.95
Action,3DS,PAL,10,64.73,HIGH,70.00,10.53,55.26,14.44,83.33,94.55,114,422,HIGH,HIGH,62.95
Simulation,3DS,Japan,10,54.64,HIGH,27.50,57.89,26.32,37.33,66.67,96.36,53,167,HIGH,HIGH,62.91
Sports,WII,Japan,8,75.45,HIGH,91.25,94.74,23.69,46.00,0.00,100.00,273,222,HIGH,HIGH,62.91
Strategy,DS,North America,11,52.75,HIGH,10.00,42.11,50.00,45.33,66.67,87.27,81,95,HIGH,HIGH,62.89
Adventure,PS3,Other,10,54.23,HIGH,8.75,26.32,78.95,78.82,0.00,94.55,72,257,HIGH,HIGH,62.87
Visual Novel,X360,Japan,5,60.66,HIGH,0.00,52.63,71.05,32.00,100.00,77.50,10,16,LOW,MEDIUM,62.86
Puzzle,N64,Other,1,58.24,HIGH,18.75,0.00,84.21,81.67,0.00,100.00,12,37,MEDIUM,MEDIUM,62.80
Role-Playing,PS2,Other,11,51.56,HIGH,36.25,5.26,39.48,58.89,33.33,100.00,150,157,HIGH,HIGH,62.77
Strategy,PS2,PAL,11,52.75,HIGH,10.00,42.11,50.00,54.67,50.00,87.27,71,95,HIGH,HIGH,62.72
Action,NS,North America,10,64.73,HIGH,70.00,10.53,55.26,13.33,83.33,94.55,45,422,HIGH,HIGH,62.67
Action,NS,PAL,10,64.73,HIGH,70.00,10.53,55.26,13.33,83.33,94.55,45,422,HIGH,HIGH,62.67
Misc,SAT,North America,10,60.94,HIGH,33.75,36.84,57.90,27.37,83.33,100.00,15,339,HIGH,MEDIUM,62.67
Racing,WII,Other,11,59.18,HIGH,55.00,21.05,42.11,40.00,50.00,96.36,109,272,HIGH,HIGH,62.67
Sports,GBA,Other,8,75.45,HIGH,91.25,94.74,23.69,5.00,66.67,100.00,103,222,HIGH,HIGH,62.66
Sports,PSV,PAL,8,75.45,HIGH,91.25,94.74,23.69,15.00,50.00,100.00,30,222,HIGH,HIGH,62.66
Sports,2600,Japan,8,75.45,HIGH,91.25,94.74,23.69,57.00,0.00,100.00,12,222,HIGH,MEDIUM,62.66
Shooter,PSP,Japan,11,72.98,HIGH,92.50,63.16,36.85,48.00,0.00,100.00,44,285,HIGH,HIGH,62.54
Shooter,PC,North America,11,72.98,HIGH,92.50,63.16,36.85,8.00,66.67,100.00,212,285,HIGH,HIGH,62.54
Shooter,GBA,North America,11,72.98,HIGH,92.50,63.16,36.85,8.00,66.67,100.00,45,285,HIGH,HIGH,62.54
Shooter,XB,Japan,11,72.98,HIGH,92.50,63.16,36.85,48.00,0.00,100.00,132,285,HIGH,HIGH,62.54
Adventure,DC,Japan,10,54.23,HIGH,8.75,26.32,78.95,49.41,66.67,94.55,10,257,HIGH,MEDIUM,62.52
Adventure,DC,PAL,10,54.23,HIGH,8.75,26.32,78.95,49.41,66.67,94.55,10,257,HIGH,MEDIUM,62.52
Adventure,DC,North America,10,54.23,HIGH,8.75,26.32,78.95,49.41,66.67,94.55,10,257,HIGH,MEDIUM,62.52
Racing,3DS,North America,11,59.18,HIGH,55.00,21.05,42.11,41.25,66.67,96.36,12,272,HIGH,MEDIUM,62.48
Sports,SAT,Other,8,75.45,HIGH,91.25,94.74,23.69,16.00,66.67,100.00,17,222,HIGH,MEDIUM,62.41
Music,PS3,Japan,10,55.90,HIGH,63.75,31.58,31.58,43.33,66.67,100.00,15,81,HIGH,MEDIUM,62.40
Music,PS3,PAL,10,55.90,HIGH,63.75,31.58,31.58,43.33,66.67,100.00,15,81,HIGH,MEDIUM,62.40
Music,PS3,North America,10,55.90,HIGH,63.75,31.58,31.58,43.33,66.67,100.00,15,81,HIGH,MEDIUM,62.40
Strategy,XB,Japan,11,52.75,HIGH,10.00,42.11,50.00,33.33,83.33,87.27,20,95,HIGH,HIGH,62.39
Misc,3DS,Other,10,60.94,HIGH,33.75,36.84,57.90,24.21,66.67,100.00,68,339,HIGH,HIGH,62.38
Puzzle,PS2,Other,1,58.24,HIGH,18.75,0.00,84.21,80.00,0.00,100.00,17,37,MEDIUM,MEDIUM,62.38
Visual Novel,PSP,North America,5,60.66,HIGH,0.00,52.63,71.05,60.00,50.00,77.50,71,16,LOW,MEDIUM,62.36
Visual Novel,PSP,Other,5,60.66,HIGH,0.00,52.63,71.05,60.00,50.00,77.50,71,16,LOW,MEDIUM,62.36
Platform,PS4,Other,1,70.91,HIGH,76.25,15.79,57.90,40.00,16.67,100.00,38,35,MEDIUM,HIGH,62.32
Platform,PS4,Japan,1,70.91,HIGH,76.25,15.79,57.90,40.00,16.67,100.00,38,35,MEDIUM,HIGH,62.32
Fighting,GBA,Japan,10,75.84,HIGH,71.25,47.37,73.69,9.47,66.67,89.09,26,118,HIGH,HIGH,62.28
Fighting,WII,PAL,10,75.84,HIGH,71.25,47.37,73.69,29.47,33.33,89.09,44,118,HIGH,HIGH,62.27
Strategy,SNES,Other,11,52.75,HIGH,10.00,42.11,50.00,94.67,0.00,87.27,14,95,HIGH,MEDIUM,62.22
Shooter,DS,North America,11,72.98,HIGH,92.50,63.16,36.85,6.67,66.67,100.00,46,285,HIGH,HIGH,62.21
Sports,DS,PAL,8,75.45,HIGH,91.25,94.74,23.69,13.00,50.00,100.00,168,222,HIGH,HIGH,62.16
Music,WII,Other,10,55.90,HIGH,63.75,31.58,31.58,70.00,0.00,100.00,22,81,HIGH,HIGH,62.07
Strategy,PSP,PAL,11,52.75,HIGH,10.00,42.11,50.00,52.00,50.00,87.27,61,95,HIGH,HIGH,62.05
Racing,GC,North America,11,59.18,HIGH,55.00,21.05,42.11,27.50,66.67,96.36,62,272,HIGH,HIGH,62.04
Puzzle,GC,PAL,1,58.24,HIGH,18.75,0.00,84.21,58.33,33.33,100.00,12,37,MEDIUM,MEDIUM,61.97
Role-Playing,DS,Japan,11,51.56,HIGH,36.25,5.26,39.48,25.56,83.33,100.00,188,157,HIGH,HIGH,61.94
Platform,NS,PAL,1,70.91,HIGH,76.25,15.79,57.90,8.42,66.67,100.00,31,35,MEDIUM,HIGH,61.92
Fighting,DC,Japan,10,75.84,HIGH,71.25,47.37,73.69,20.00,66.67,89.09,11,118,HIGH,MEDIUM,61.91
Misc,PS4,PAL,10,60.94,HIGH,33.75,36.84,57.90,42.11,33.33,100.00,32,339,HIGH,HIGH,61.86
Visual Novel,PSV,Japan,5,60.66,HIGH,0.00,52.63,71.05,28.00,100.00,77.50,75,16,LOW,MEDIUM,61.86
Action,GC,Other,10,64.73,HIGH,70.00,10.53,55.26,40.00,33.33,94.55,80,422,HIGH,HIGH,61.84
Platform,WIIU,PAL,1,70.91,HIGH,76.25,15.79,57.90,20.00,66.67,100.00,17,35,MEDIUM,MEDIUM,61.82
Platform,PSV,PAL,1,70.91,HIGH,76.25,15.79,57.90,20.00,66.67,100.00,11,35,MEDIUM,MEDIUM,61.82
Action-Adventure,PC,Other,2,79.64,HIGH,97.50,68.42,50.00,22.50,50.00,92.00,12,20,MEDIUM,MEDIUM,61.80
Racing,DS,Other,11,59.18,HIGH,55.00,21.05,42.11,36.25,50.00,96.36,72,272,HIGH,HIGH,61.73
Strategy,SAT,PAL,11,52.75,HIGH,10.00,42.11,50.00,62.67,50.00,87.27,18,95,HIGH,MEDIUM,61.72
Action-Adventure,3DS,Japan,2,79.64,HIGH,97.50,68.42,50.00,40.00,0.00,92.00,30,20,MEDIUM,HIGH,61.67
Role-Playing,XONE,North America,11,51.56,HIGH,36.25,5.26,39.48,34.44,66.67,100.00,35,157,HIGH,HIGH,61.66
Music,WIIU,North America,10,55.90,HIGH,63.75,31.58,31.58,40.00,66.67,100.00,13,81,HIGH,MEDIUM,61.57
Music,WIIU,PAL,10,55.90,HIGH,63.75,31.58,31.58,40.00,66.67,100.00,13,81,HIGH,MEDIUM,61.57
Music,WIIU,Japan,10,55.90,HIGH,63.75,31.58,31.58,40.00,66.67,100.00,13,81,HIGH,MEDIUM,61.57
Puzzle,X360,PAL,1,58.24,HIGH,18.75,0.00,84.21,56.67,33.33,100.00,11,37,MEDIUM,MEDIUM,61.55
Platform,3DS,Japan,1,70.91,HIGH,76.25,15.79,57.90,36.84,16.67,100.00,33,35,MEDIUM,HIGH,61.53
Platform,3DS,Other,1,70.91,HIGH,76.25,15.79,57.90,36.84,16.67,100.00,33,35,MEDIUM,HIGH,61.53
Misc,SNES,Other,10,60.94,HIGH,33.75,36.84,57.90,32.63,66.67,100.00,16,339,HIGH,MEDIUM,61.49
Sports,PSP,Japan,8,75.45,HIGH,91.25,94.74,23.69,40.00,0.00,100.00,157,222,HIGH,HIGH,61.41
Sports,PC,Other,8,75.45,HIGH,91.25,94.74,23.69,0.00,66.67,100.00,103,222,HIGH,HIGH,61.41
Simulation,PC,North America,10,54.64,HIGH,27.50,57.89,26.32,21.33,83.33,96.36,202,167,HIGH,HIGH,61.41
Fighting,NG,Japan,10,75.84,HIGH,71.25,47.37,73.69,17.89,66.67,89.09,11,118,HIGH,MEDIUM,61.38
Role-Playing,WII,Other,11,51.56,HIGH,36.25,5.26,39.48,53.33,33.33,100.00,25,157,HIGH,HIGH,61.38
Role-Playing,SNES,Other,11,51.56,HIGH,36.25,5.26,39.48,53.33,33.33,100.00,36,157,HIGH,HIGH,61.38
Action,PSP,Other,10,64.73,HIGH,70.00,10.53,55.26,37.78,33.33,94.55,157,422,HIGH,HIGH,61.28
Action,PS4,Japan,10,64.73,HIGH,70.00,10.53,55.26,57.78,0.00,94.55,179,422,HIGH,HIGH,61.28
Misc,NS,North America,10,60.94,HIGH,33.75,36.84,57.90,9.47,83.33,100.00,23,339,HIGH,HIGH,61.20
Action-Adventure,NS,PAL,2,79.64,HIGH,97.50,68.42,50.00,0.00,83.33,92.00,10,20,MEDIUM,MEDIUM,61.17
Racing,XB,Other,11,59.18,HIGH,55.00,21.05,42.11,33.75,50.00,96.36,126,272,HIGH,HIGH,61.10
Racing,XONE,Other,11,59.18,HIGH,55.00,21.05,42.11,33.75,50.00,96.36,57,272,HIGH,HIGH,61.10
Action,XB,Japan,10,64.73,HIGH,70.00,10.53,55.26,56.67,0.00,94.55,137,422,HIGH,HIGH,61.01
Strategy,GBA,Other,11,52.75,HIGH,10.00,42.11,50.00,89.33,0.00,87.27,18,95,HIGH,MEDIUM,60.89
Puzzle,PSP,Japan,1,58.24,HIGH,18.75,0.00,84.21,11.67,83.33,100.00,55,37,MEDIUM,HIGH,60.80
Misc,PSV,Other,10,60.94,HIGH,33.75,36.84,57.90,17.89,66.67,100.00,51,339,HIGH,HIGH,60.80
Puzzle,PSP,North America,1,58.24,HIGH,18.75,0.00,84.21,11.67,83.33,100.00,55,37,MEDIUM,HIGH,60.80
Racing,GBA,PAL,11,59.18,HIGH,55.00,21.05,42.11,12.50,83.33,96.36,74,272,HIGH,HIGH,60.79
Simulation,PS4,North America,10,54.64,HIGH,27.50,57.89,26.32,18.67,83.33,96.36,41,167,HIGH,HIGH,60.75
Action,GBA,Other,10,64.73,HIGH,70.00,10.53,55.26,35.56,33.33,94.55,177,422,HIGH,HIGH,60.73
Action,PSV,PAL,10,64.73,HIGH,70.00,10.53,55.26,5.56,83.33,94.55,140,422,HIGH,HIGH,60.73
Action,PSV,North America,10,64.73,HIGH,70.00,10.53,55.26,5.56,83.33,94.55,140,422,HIGH,HIGH,60.73
Misc,PSP,North America,10,60.94,HIGH,33.75,36.84,57.90,7.37,83.33,100.00,138,339,HIGH,HIGH,60.67
Role-Playing,SAT,Other,11,51.56,HIGH,36.25,5.26,39.48,62.22,33.33,100.00,17,157,HIGH,MEDIUM,60.60
Simulation,PSP,Japan,10,54.64,HIGH,27.50,57.89,26.32,28.00,66.67,96.36,39,167,HIGH,HIGH,60.58
Adventure,PS2,North America,10,54.23,HIGH,8.75,26.32,78.95,29.41,66.67,94.55,272,257,HIGH,HIGH,60.52
Adventure,PS2,PAL,10,54.23,HIGH,8.75,26.32,78.95,29.41,66.67,94.55,272,257,HIGH,HIGH,60.52
Adventure,PS2,Japan,10,54.23,HIGH,8.75,26.32,78.95,29.41,66.67,94.55,272,257,HIGH,HIGH,60.52
Fighting,DS,PAL,10,75.84,HIGH,71.25,47.37,73.69,22.11,33.33,89.09,36,118,HIGH,HIGH,60.43
Action-Adventure,WIIU,Japan,2,79.64,HIGH,97.50,68.42,50.00,35.00,0.00,92.00,24,20,MEDIUM,HIGH,60.42
Misc,PC,North America,10,60.94,HIGH,33.75,36.84,57.90,6.32,83.33,100.00,55,339,HIGH,HIGH,60.41
Simulation,3DS,PAL,10,54.64,HIGH,27.50,57.89,26.32,37.33,50.00,96.36,53,167,HIGH,HIGH,60.41
Strategy,DS,PAL,11,52.75,HIGH,10.00,42.11,50.00,45.33,50.00,87.27,81,95,HIGH,HIGH,60.39
Role-Playing,PS2,PAL,11,51.56,HIGH,36.25,5.26,39.48,58.89,16.67,100.00,150,157,HIGH,HIGH,60.27
Simulation,X360,Other,10,54.64,HIGH,27.50,57.89,26.32,66.67,0.00,96.36,40,167,HIGH,HIGH,60.25
Platform,XONE,Other,1,70.91,HIGH,76.25,15.79,57.90,31.58,16.67,100.00,22,35,MEDIUM,HIGH,60.21
Platform,XONE,Japan,1,70.91,HIGH,76.25,15.79,57.90,31.58,16.67,100.00,22,35,MEDIUM,HIGH,60.21
Platform,DS,Other,1,70.91,HIGH,76.25,15.79,57.90,31.58,16.67,100.00,98,35,MEDIUM,HIGH,60.21
Platform,DS,Japan,1,70.91,HIGH,76.25,15.79,57.90,31.58,16.67,100.00,98,35,MEDIUM,HIGH,60.21
Misc,SAT,Other,10,60.94,HIGH,33.75,36.84,57.90,27.37,66.67,100.00,15,339,HIGH,MEDIUM,60.17
Action,XONE,Japan,10,64.73,HIGH,70.00,10.53,55.26,53.33,0.00,94.55,102,422,HIGH,HIGH,60.17
Sports,GBA,PAL,8,75.45,HIGH,91.25,94.74,23.69,5.00,50.00,100.00,103,222,HIGH,HIGH,60.16
Shooter,PC,Other,11,72.98,HIGH,92.50,63.16,36.85,8.00,50.00,100.00,212,285,HIGH,HIGH,60.04
Shooter,GBA,Other,11,72.98,HIGH,92.50,63.16,36.85,8.00,50.00,100.00,45,285,HIGH,HIGH,60.04
Role-Playing,PSP,Japan,11,51.56,HIGH,36.25,5.26,39.48,17.78,83.33,100.00,184,157,HIGH,HIGH,59.99
Role-Playing,GBA,Other,11,51.56,HIGH,36.25,5.26,39.48,47.78,33.33,100.00,61,157,HIGH,HIGH,59.99
Racing,3DS,Other,11,59.18,HIGH,55.00,21.05,42.11,41.25,50.00,96.36,12,272,HIGH,MEDIUM,59.98
Puzzle,DS,PAL,1,58.24,HIGH,18.75,0.00,84.21,38.33,33.33,100.00,271,37,MEDIUM,HIGH,59.97
Puzzle,GBA,PAL,1,58.24,HIGH,18.75,0.00,84.21,38.33,33.33,100.00,48,37,MEDIUM,HIGH,59.97
Sports,SAT,PAL,8,75.45,HIGH,91.25,94.74,23.69,16.00,50.00,100.00,17,222,HIGH,MEDIUM,59.91
Strategy,XB,North America,11,52.75,HIGH,10.00,42.11,50.00,33.33,66.67,87.27,20,95,HIGH,HIGH,59.89
Shooter,PS,Japan,11,72.98,HIGH,92.50,63.16,36.85,37.33,0.00,100.00,101,285,HIGH,HIGH,59.88
Platform,PC,PAL,1,70.91,HIGH,76.25,15.79,57.90,0.00,66.67,100.00,29,35,MEDIUM,HIGH,59.82
Fighting,WII,Other,10,75.84,HIGH,71.25,47.37,73.69,29.47,16.67,89.09,44,118,HIGH,HIGH,59.78
Shooter,DS,Other,11,72.98,HIGH,92.50,63.16,36.85,6.67,50.00,100.00,46,285,HIGH,HIGH,59.71
Misc,WIIU,PAL,10,60.94,HIGH,33.75,36.84,57.90,45.26,33.33,100.00,15,339,HIGH,MEDIUM,59.64
Racing,PS4,Japan,11,59.18,HIGH,55.00,21.05,42.11,57.50,0.00,96.36,60,272,HIGH,HIGH,59.54
Racing,GC,Other,11,59.18,HIGH,55.00,21.05,42.11,27.50,50.00,96.36,62,272,HIGH,HIGH,59.54
Role-Playing,DS,North America,11,51.56,HIGH,36.25,5.26,39.48,25.56,66.67,100.00,188,157,HIGH,HIGH,59.44
Fighting,PC,North America,10,75.84,HIGH,71.25,47.37,73.69,0.00,83.33,89.09,12,118,HIGH,MEDIUM,59.41
Simulation,XONE,North America,10,54.64,HIGH,27.50,57.89,26.32,13.33,83.33,96.36,29,167,HIGH,HIGH,59.41
Fighting,PSP,PAL,10,75.84,HIGH,71.25,47.37,73.69,17.89,33.33,89.09,66,118,HIGH,HIGH,59.38
Misc,PS4,Japan,10,60.94,HIGH,33.75,36.84,57.90,42.11,16.67,100.00,32,339,HIGH,HIGH,59.36
Action,PC,PAL,10,64.73,HIGH,70.00,10.53,55.26,0.00,83.33,94.55,152,422,HIGH,HIGH,59.34
Action,PC,North America,10,64.73,HIGH,70.00,10.53,55.26,0.00,83.33,94.55,152,422,HIGH,HIGH,59.34
Adventure,XONE,Japan,10,54.23,HIGH,8.75,26.32,78.95,24.71,66.67,94.55,34,257,HIGH,HIGH,59.34
Adventure,XONE,PAL,10,54.23,HIGH,8.75,26.32,78.95,24.71,66.67,94.55,34,257,HIGH,HIGH,59.34
Adventure,XONE,North America,10,54.23,HIGH,8.75,26.32,78.95,24.71,66.67,94.55,34,257,HIGH,HIGH,59.34
Misc,DS,PAL,10,60.94,HIGH,33.75,36.84,57.90,31.58,33.33,100.00,451,339,HIGH,HIGH,59.22
Role-Playing,3DS,Other,11,51.56,HIGH,36.25,5.26,39.48,44.44,33.33,100.00,78,157,HIGH,HIGH,59.16
Puzzle,3DS,Other,1,58.24,HIGH,18.75,0.00,84.21,55.00,0.00,100.00,33,37,MEDIUM,HIGH,59.13
Sports,3DS,Japan,8,75.45,HIGH,91.25,94.74,23.69,30.00,0.00,100.00,31,222,HIGH,HIGH,58.91
Simulation,PC,Japan,10,54.64,HIGH,27.50,57.89,26.32,21.33,66.67,96.36,202,167,HIGH,HIGH,58.91
Sports,PC,PAL,8,75.45,HIGH,91.25,94.74,23.69,0.00,50.00,100.00,103,222,HIGH,HIGH,58.91
Role-Playing,WII,PAL,11,51.56,HIGH,36.25,5.26,39.48,53.33,16.67,100.00,25,157,HIGH,HIGH,58.88
Role-Playing,PS4,Other,11,51.56,HIGH,36.25,5.26,39.48,43.33,33.33,100.00,122,157,HIGH,HIGH,58.88
Role-Playing,SNES,PAL,11,51.56,HIGH,36.25,5.26,39.48,53.33,16.67,100.00,36,157,HIGH,HIGH,58.88
Music,PS4,PAL,10,55.90,HIGH,63.75,31.58,31.58,16.67,66.67,100.00,24,81,HIGH,HIGH,58.73
Music,PS4,Japan,10,55.90,HIGH,63.75,31.58,31.58,16.67,66.67,100.00,24,81,HIGH,HIGH,58.73
Music,PS4,North America,10,55.90,HIGH,63.75,31.58,31.58,16.67,66.67,100.00,24,81,HIGH,HIGH,58.73
Misc,NS,Other,10,60.94,HIGH,33.75,36.84,57.90,9.47,66.67,100.00,23,339,HIGH,HIGH,58.70
Action-Adventure,NS,North America,2,79.64,HIGH,97.50,68.42,50.00,0.00,66.67,92.00,10,20,MEDIUM,MEDIUM,58.67
Role-Playing,PSV,Japan,11,51.56,HIGH,36.25,5.26,39.48,12.22,83.33,100.00,99,157,HIGH,HIGH,58.60
Fighting,PSV,PAL,10,75.84,HIGH,71.25,47.37,73.69,26.32,33.33,89.09,18,118,HIGH,MEDIUM,58.49
Role-Playing,GC,Other,11,51.56,HIGH,36.25,5.26,39.48,41.11,33.33,100.00,22,157,HIGH,HIGH,58.32
Racing,GBA,North America,11,59.18,HIGH,55.00,21.05,42.11,12.50,66.67,96.36,74,272,HIGH,HIGH,58.29
Simulation,PS4,Japan,10,54.64,HIGH,27.50,57.89,26.32,18.67,66.67,96.36,41,167,HIGH,HIGH,58.25
Action,DS,Other,10,64.73,HIGH,70.00,10.53,55.26,25.56,33.33,94.55,305,422,HIGH,HIGH,58.23
Misc,PSP,Other,10,60.94,HIGH,33.75,36.84,57.90,7.37,66.67,100.00,138,339,HIGH,HIGH,58.17
Role-Playing,SAT,PAL,11,51.56,HIGH,36.25,5.26,39.48,62.22,16.67,100.00,17,157,HIGH,MEDIUM,58.10
Simulation,PSP,PAL,10,54.64,HIGH,27.50,57.89,26.32,28.00,50.00,96.36,39,167,HIGH,HIGH,58.08
Fighting,3DS,PAL,10,75.84,HIGH,71.25,47.37,73.69,24.21,33.33,89.09,15,118,HIGH,MEDIUM,57.96
Fighting,DS,Other,10,75.84,HIGH,71.25,47.37,73.69,22.11,16.67,89.09,36,118,HIGH,HIGH,57.94
Misc,PC,Other,10,60.94,HIGH,33.75,36.84,57.90,6.32,66.67,100.00,55,339,HIGH,HIGH,57.91
Shooter,SAT,Japan,11,72.98,HIGH,92.50,63.16,36.85,29.33,0.00,100.00,21,285,HIGH,HIGH,57.88
Puzzle,WII,PAL,1,58.24,HIGH,18.75,0.00,84.21,30.00,33.33,100.00,60,37,MEDIUM,HIGH,57.88
Puzzle,PC,Japan,1,58.24,HIGH,18.75,0.00,84.21,0.00,83.33,100.00,73,37,MEDIUM,HIGH,57.88
Puzzle,PC,North America,1,58.24,HIGH,18.75,0.00,84.21,0.00,83.33,100.00,73,37,MEDIUM,HIGH,57.88
Adventure,XB,Other,10,54.23,HIGH,8.75,26.32,78.95,58.82,0.00,94.55,46,257,HIGH,HIGH,57.87
Strategy,3DS,Japan,11,52.75,HIGH,10.00,42.11,50.00,26.67,83.33,87.27,19,95,HIGH,MEDIUM,57.72
Strategy,PS4,Japan,11,52.75,HIGH,10.00,42.11,50.00,14.67,83.33,87.27,29,95,HIGH,HIGH,57.72
Racing,PC,PAL,11,59.18,HIGH,55.00,21.05,42.11,0.00,83.33,96.36,105,272,HIGH,HIGH,57.67
Role-Playing,GBA,PAL,11,51.56,HIGH,36.25,5.26,39.48,47.78,16.67,100.00,61,157,HIGH,HIGH,57.49
Role-Playing,PSP,North America,11,51.56,HIGH,36.25,5.26,39.48,17.78,66.67,100.00,184,157,HIGH,HIGH,57.49
Strategy,XB,PAL,11,52.75,HIGH,10.00,42.11,50.00,33.33,50.00,87.27,20,95,HIGH,HIGH,57.39
Misc,3DS,PAL,10,60.94,HIGH,33.75,36.84,57.90,24.21,33.33,100.00,68,339,HIGH,HIGH,57.38
Platform,XB,Japan,1,70.91,HIGH,76.25,15.79,57.90,20.00,16.67,100.00,50,35,MEDIUM,HIGH,57.32
Platform,XB,Other,1,70.91,HIGH,76.25,15.79,57.90,20.00,16.67,100.00,50,35,MEDIUM,HIGH,57.32
Fighting,GBA,PAL,10,75.84,HIGH,71.25,47.37,73.69,9.47,33.33,89.09,26,118,HIGH,HIGH,57.27
Role-Playing,PC,Japan,11,51.56,HIGH,36.25,5.26,39.48,6.67,83.33,100.00,122,157,HIGH,HIGH,57.21
Shooter,GC,Japan,11,72.98,HIGH,92.50,63.16,36.85,26.67,0.00,100.00,48,285,HIGH,HIGH,57.21
Sports,NS,Japan,8,75.45,HIGH,91.25,94.74,23.69,35.00,0.00,100.00,16,222,HIGH,MEDIUM,57.16
Misc,WIIU,Japan,10,60.94,HIGH,33.75,36.84,57.90,45.26,16.67,100.00,15,339,HIGH,MEDIUM,57.14
Action,WIIU,Other,10,64.73,HIGH,70.00,10.53,55.26,21.11,33.33,94.55,26,422,HIGH,HIGH,57.12
Puzzle,PS4,North America,1,58.24,HIGH,18.75,0.00,84.21,8.33,83.33,100.00,12,37,MEDIUM,MEDIUM,56.97
Puzzle,GC,Other,1,58.24,HIGH,18.75,0.00,84.21,58.33,0.00,100.00,12,37,MEDIUM,MEDIUM,56.97
Puzzle,PS4,Japan,1,58.24,HIGH,18.75,0.00,84.21,8.33,83.33,100.00,12,37,MEDIUM,MEDIUM,56.97
Simulation,XONE,Japan,10,54.64,HIGH,27.50,57.89,26.32,13.33,66.67,96.36,29,167,HIGH,HIGH,56.91
Fighting,DC,PAL,10,75.84,HIGH,71.25,47.37,73.69,20.00,33.33,89.09,11,118,HIGH,MEDIUM,56.91
Fighting,PC,Japan,10,75.84,HIGH,71.25,47.37,73.69,0.00,66.67,89.09,12,118,HIGH,MEDIUM,56.91
Shooter,WII,Japan,11,72.98,HIGH,92.50,63.16,36.85,25.33,0.00,100.00,66,285,HIGH,HIGH,56.88
Fighting,PSP,Other,10,75.84,HIGH,71.25,47.37,73.69,17.89,16.67,89.09,66,118,HIGH,HIGH,56.88
Visual Novel,PS4,PAL,5,60.66,HIGH,0.00,52.63,71.05,68.00,0.00,77.50,16,16,LOW,MEDIUM,56.86
Action,GC,Japan,10,64.73,HIGH,70.00,10.53,55.26,40.00,0.00,94.55,80,422,HIGH,HIGH,56.84
Misc,DS,Japan,10,60.94,HIGH,33.75,36.84,57.90,31.58,16.67,100.00,451,339,HIGH,HIGH,56.72
Role-Playing,3DS,PAL,11,51.56,HIGH,36.25,5.26,39.48,44.44,16.67,100.00,78,157,HIGH,HIGH,56.66
Role-Playing,XONE,Other,11,51.56,HIGH,36.25,5.26,39.48,34.44,33.33,100.00,35,157,HIGH,HIGH,56.66
Simulation,PS3,Other,10,54.64,HIGH,27.50,57.89,26.32,52.00,0.00,96.36,37,167,HIGH,HIGH,56.58
Strategy,WII,Other,11,52.75,HIGH,10.00,42.11,50.00,60.00,0.00,87.27,22,95,HIGH,HIGH,56.55
Puzzle,X360,Other,1,58.24,HIGH,18.75,0.00,84.21,56.67,0.00,100.00,11,37,MEDIUM,MEDIUM,56.55
Misc,SNES,PAL,10,60.94,HIGH,33.75,36.84,57.90,32.63,33.33,100.00,16,339,HIGH,MEDIUM,56.49
Simulation,PC,PAL,10,54.64,HIGH,27.50,57.89,26.32,21.33,50.00,96.36,202,167,HIGH,HIGH,56.41
Sports,GC,Japan,8,75.45,HIGH,91.25,94.74,23.69,20.00,0.00,100.00,109,222,HIGH,HIGH,56.41
Adventure,SAT,Other,10,54.23,HIGH,8.75,26.32,78.95,52.94,0.00,94.55,26,257,HIGH,HIGH,56.40
Role-Playing,PS4,PAL,11,51.56,HIGH,36.25,5.26,39.48,43.33,16.67,100.00,122,157,HIGH,HIGH,56.38
Fighting,NG,PAL,10,75.84,HIGH,71.25,47.37,73.69,17.89,33.33,89.09,11,118,HIGH,MEDIUM,56.38
Role-Playing,NS,Japan,11,51.56,HIGH,36.25,5.26,39.48,3.33,83.33,100.00,31,157,HIGH,HIGH,56.38
Action,PSP,Japan,10,64.73,HIGH,70.00,10.53,55.26,37.78,0.00,94.55,157,422,HIGH,HIGH,56.28
Simulation,GBA,Other,10,54.64,HIGH,27.50,57.89,26.32,50.67,0.00,96.36,23,167,HIGH,HIGH,56.25
Racing,NS,PAL,11,59.18,HIGH,55.00,21.05,42.11,6.25,83.33,96.36,16,272,HIGH,MEDIUM,56.23
Action-Adventure,NS,Other,2,79.64,HIGH,97.50,68.42,50.00,0.00,50.00,92.00,10,20,MEDIUM,MEDIUM,56.17
Role-Playing,PSV,North America,11,51.56,HIGH,36.25,5.26,39.48,12.22,66.67,100.00,99,157,HIGH,HIGH,56.10
Strategy,PC,Japan,11,52.75,HIGH,10.00,42.11,50.00,8.00,83.33,87.27,276,95,HIGH,HIGH,56.05
Adventure,NS,Japan,10,54.23,HIGH,8.75,26.32,78.95,23.53,66.67,94.55,16,257,HIGH,MEDIUM,56.05
Adventure,NS,PAL,10,54.23,HIGH,8.75,26.32,78.95,23.53,66.67,94.55,16,257,HIGH,MEDIUM,56.05
Adventure,NS,North America,10,54.23,HIGH,8.75,26.32,78.95,23.53,66.67,94.55,16,257,HIGH,MEDIUM,56.05
Fighting,PSV,Other,10,75.84,HIGH,71.25,47.37,73.69,26.32,16.67,89.09,18,118,HIGH,MEDIUM,55.99
Strategy,PS3,Other,11,52.75,HIGH,10.00,42.11,50.00,57.33,0.00,87.27,25,95,HIGH,HIGH,55.89
Role-Playing,GC,PAL,11,51.56,HIGH,36.25,5.26,39.48,41.11,16.67,100.00,22,157,HIGH,HIGH,55.82
Misc,PSV,PAL,10,60.94,HIGH,33.75,36.84,57.90,17.89,33.33,100.00,51,339,HIGH,HIGH,55.80
Racing,GBA,Other,11,59.18,HIGH,55.00,21.05,42.11,12.50,50.00,96.36,74,272,HIGH,HIGH,55.79
Simulation,NS,North America,10,54.64,HIGH,27.50,57.89,26.32,10.67,83.33,96.36,15,167,HIGH,MEDIUM,55.75
Simulation,PS4,PAL,10,54.64,HIGH,27.50,57.89,26.32,18.67,50.00,96.36,41,167,HIGH,HIGH,55.75
Action,GBA,Japan,10,64.73,HIGH,70.00,10.53,55.26,35.56,0.00,94.55,177,422,HIGH,HIGH,55.73
Racing,PSV,Japan,11,59.18,HIGH,55.00,21.05,42.11,53.75,0.00,96.36,12,272,HIGH,MEDIUM,55.60
Simulation,DS,Other,10,54.64,HIGH,27.50,57.89,26.32,48.00,0.00,96.36,335,167,HIGH,HIGH,55.58
Action-Adventure,PSV,Japan,2,79.64,HIGH,97.50,68.42,50.00,27.50,0.00,92.00,16,20,MEDIUM,MEDIUM,55.55
Fighting,3DS,Other,10,75.84,HIGH,71.25,47.37,73.69,24.21,16.67,89.09,15,118,HIGH,MEDIUM,55.46
Action,3DS,Other,10,64.73,HIGH,70.00,10.53,55.26,14.44,33.33,94.55,114,422,HIGH,HIGH,55.45
Visual Novel,X360,North America,5,60.66,HIGH,0.00,52.63,71.05,32.00,50.00,77.50,10,16,LOW,MEDIUM,55.36
Visual Novel,X360,Other,5,60.66,HIGH,0.00,52.63,71.05,32.00,50.00,77.50,10,16,LOW,MEDIUM,55.36
Adventure,PSP,North America,10,54.23,HIGH,8.75,26.32,78.95,8.24,66.67,94.55,247,257,HIGH,HIGH,55.22
Adventure,PSP,PAL,10,54.23,HIGH,8.75,26.32,78.95,8.24,66.67,94.55,247,257,HIGH,HIGH,55.22
Adventure,PSP,Japan,10,54.23,HIGH,8.75,26.32,78.95,8.24,66.67,94.55,247,257,HIGH,HIGH,55.22
Strategy,PS4,North America,11,52.75,HIGH,10.00,42.11,50.00,14.67,66.67,87.27,29,95,HIGH,HIGH,55.22
Strategy,3DS,North America,11,52.75,HIGH,10.00,42.11,50.00,26.67,66.67,87.27,19,95,HIGH,MEDIUM,55.22
Strategy,PS2,Other,11,52.75,HIGH,10.00,42.11,50.00,54.67,0.00,87.27,71,95,HIGH,HIGH,55.22
Action,NS,Other,10,64.73,HIGH,70.00,10.53,55.26,13.33,33.33,94.55,45,422,HIGH,HIGH,55.17
Racing,PC,North America,11,59.18,HIGH,55.00,21.05,42.11,0.00,66.67,96.36,105,272,HIGH,HIGH,55.17
Racing,WII,Japan,11,59.18,HIGH,55.00,21.05,42.11,40.00,0.00,96.36,109,272,HIGH,HIGH,55.17
Misc,SAT,PAL,10,60.94,HIGH,33.75,36.84,57.90,27.37,33.33,100.00,15,339,HIGH,MEDIUM,55.17
Sports,PSV,Japan,8,75.45,HIGH,91.25,94.74,23.69,15.00,0.00,100.00,30,222,HIGH,HIGH,55.16
Puzzle,GBA,Other,1,58.24,HIGH,18.75,0.00,84.21,38.33,0.00,100.00,48,37,MEDIUM,HIGH,54.97
Puzzle,DS,Other,1,58.24,HIGH,18.75,0.00,84.21,38.33,0.00,100.00,271,37,MEDIUM,HIGH,54.97
Adventure,DS,Other,10,54.23,HIGH,8.75,26.32,78.95,47.06,0.00,94.55,329,257,HIGH,HIGH,54.93
Misc,3DS,Japan,10,60.94,HIGH,33.75,36.84,57.90,24.21,16.67,100.00,68,339,HIGH,HIGH,54.88
Visual Novel,NS,Japan,5,60.66,HIGH,0.00,52.63,71.05,0.00,100.00,77.50,10,16,LOW,MEDIUM,54.86
Visual Novel,PSP,PAL,5,60.66,HIGH,0.00,52.63,71.05,60.00,0.00,77.50,71,16,LOW,MEDIUM,54.86
Fighting,GBA,Other,10,75.84,HIGH,71.25,47.37,73.69,9.47,16.67,89.09,26,118,HIGH,HIGH,54.78
Role-Playing,PC,North America,11,51.56,HIGH,36.25,5.26,39.48,6.67,66.67,100.00,122,157,HIGH,HIGH,54.71
Sports,DS,Japan,8,75.45,HIGH,91.25,94.74,23.69,13.00,0.00,100.00,168,222,HIGH,HIGH,54.66
Adventure,PSV,Japan,10,54.23,HIGH,8.75,26.32,78.95,5.88,66.67,94.55,167,257,HIGH,HIGH,54.63
Adventure,PSV,North America,10,54.23,HIGH,8.75,26.32,78.95,5.88,66.67,94.55,167,257,HIGH,HIGH,54.63
Adventure,PSV,PAL,10,54.23,HIGH,8.75,26.32,78.95,5.88,66.67,94.55,167,257,HIGH,HIGH,54.63
Strategy,PSP,Other,11,52.75,HIGH,10.00,42.11,50.00,52.00,0.00,87.27,61,95,HIGH,HIGH,54.55
Role-Playing,DS,Other,11,51.56,HIGH,36.25,5.26,39.48,25.56,33.33,100.00,188,157,HIGH,HIGH,54.44
Platform,NS,Japan,1,70.91,HIGH,76.25,15.79,57.90,8.42,16.67,100.00,31,35,MEDIUM,HIGH,54.42
Platform,NS,Other,1,70.91,HIGH,76.25,15.79,57.90,8.42,16.67,100.00,31,35,MEDIUM,HIGH,54.42
Fighting,DC,Other,10,75.84,HIGH,71.25,47.37,73.69,20.00,16.67,89.09,11,118,HIGH,MEDIUM,54.41
Simulation,XONE,PAL,10,54.64,HIGH,27.50,57.89,26.32,13.33,50.00,96.36,29,167,HIGH,HIGH,54.41
Visual Novel,PSV,North America,5,60.66,HIGH,0.00,52.63,71.05,28.00,50.00,77.50,75,16,LOW,MEDIUM,54.36
Visual Novel,PSV,Other,5,60.66,HIGH,0.00,52.63,71.05,28.00,50.00,77.50,75,16,LOW,MEDIUM,54.36
Platform,WIIU,Japan,1,70.91,HIGH,76.25,15.79,57.90,20.00,16.67,100.00,17,35,MEDIUM,MEDIUM,54.32
Platform,PSV,Japan,1,70.91,HIGH,76.25,15.79,57.90,20.00,16.67,100.00,11,35,MEDIUM,MEDIUM,54.32
Platform,WIIU,Other,1,70.91,HIGH,76.25,15.79,57.90,20.00,16.67,100.00,17,35,MEDIUM,MEDIUM,54.32
Platform,PSV,Other,1,70.91,HIGH,76.25,15.79,57.90,20.00,16.67,100.00,11,35,MEDIUM,MEDIUM,54.32
Action-Adventure,PC,Japan,2,79.64,HIGH,97.50,68.42,50.00,22.50,0.00,92.00,12,20,MEDIUM,MEDIUM,54.30
Racing,DS,Japan,11,59.18,HIGH,55.00,21.05,42.11,36.25,0.00,96.36,72,272,HIGH,HIGH,54.23
Strategy,SAT,Other,11,52.75,HIGH,10.00,42.11,50.00,62.67,0.00,87.27,18,95,HIGH,MEDIUM,54.22
Role-Playing,XONE,PAL,11,51.56,HIGH,36.25,5.26,39.48,34.44,16.67,100.00,35,157,HIGH,HIGH,54.16
Simulation,PSV,North America,10,54.64,HIGH,27.50,57.89,26.32,4.00,83.33,96.36,15,167,HIGH,MEDIUM,54.08
Misc,SNES,Japan,10,60.94,HIGH,33.75,36.84,57.90,32.63,16.67,100.00,16,339,HIGH,MEDIUM,53.99
Role-Playing,NS,North America,11,51.56,HIGH,36.25,5.26,39.48,3.33,66.67,100.00,31,157,HIGH,HIGH,53.88
Fighting,NG,Other,10,75.84,HIGH,71.25,47.37,73.69,17.89,16.67,89.09,11,118,HIGH,MEDIUM,53.88
Racing,NS,North America,11,59.18,HIGH,55.00,21.05,42.11,6.25,66.67,96.36,16,272,HIGH,MEDIUM,53.73
Misc,NS,PAL,10,60.94,HIGH,33.75,36.84,57.90,9.47,33.33,100.00,23,339,HIGH,HIGH,53.70
Racing,XONE,Japan,11,59.18,HIGH,55.00,21.05,42.11,33.75,0.00,96.36,57,272,HIGH,HIGH,53.60
Racing,XB,Japan,11,59.18,HIGH,55.00,21.05,42.11,33.75,0.00,96.36,126,272,HIGH,HIGH,53.60
Strategy,PC,North America,11,52.75,HIGH,10.00,42.11,50.00,8.00,66.67,87.27,276,95,HIGH,HIGH,53.55
Adventure,PS4,Other,10,54.23,HIGH,8.75,26.32,78.95,41.18,0.00,94.55,76,257,HIGH,HIGH,53.46
Strategy,XONE,Japan,11,52.75,HIGH,10.00,42.11,50.00,9.33,83.33,87.27,17,95,HIGH,MEDIUM,53.39
Misc,PSV,Japan,10,60.94,HIGH,33.75,36.84,57.90,17.89,16.67,100.00,51,339,HIGH,HIGH,53.30
Puzzle,PSP,PAL,1,58.24,HIGH,18.75,0.00,84.21,11.67,33.33,100.00,55,37,MEDIUM,HIGH,53.30
Simulation,NS,Japan,10,54.64,HIGH,27.50,57.89,26.32,10.67,66.67,96.36,15,167,HIGH,MEDIUM,53.25
Action,PSV,Other,10,64.73,HIGH,70.00,10.53,55.26,5.56,33.33,94.55,140,422,HIGH,HIGH,53.23
Action,DS,Japan,10,64.73,HIGH,70.00,10.53,55.26,25.56,0.00,94.55,305,422,HIGH,HIGH,53.23
Misc,PSP,PAL,10,60.94,HIGH,33.75,36.84,57.90,7.37,33.33,100.00,138,339,HIGH,HIGH,53.17
Adventure,PC,Japan,10,54.23,HIGH,8.75,26.32,78.95,0.00,66.67,94.55,197,257,HIGH,HIGH,53.16
Adventure,PC,North America,10,54.23,HIGH,8.75,26.32,78.95,0.00,66.67,94.55,197,257,HIGH,HIGH,53.16
Adventure,3DS,Other,10,54.23,HIGH,8.75,26.32,78.95,40.00,0.00,94.55,42,257,HIGH,HIGH,53.16
Adventure,PC,PAL,10,54.23,HIGH,8.75,26.32,78.95,0.00,66.67,94.55,197,257,HIGH,HIGH,53.16
Strategy,PSV,Japan,11,52.75,HIGH,10.00,42.11,50.00,8.00,83.33,87.27,11,95,HIGH,MEDIUM,53.05
Simulation,3DS,Other,10,54.64,HIGH,27.50,57.89,26.32,37.33,0.00,96.36,53,167,HIGH,HIGH,52.91
Misc,PC,PAL,10,60.94,HIGH,33.75,36.84,57.90,6.32,33.33,100.00,55,339,HIGH,HIGH,52.91
Strategy,DS,Other,11,52.75,HIGH,10.00,42.11,50.00,45.33,0.00,87.27,81,95,HIGH,HIGH,52.89
Puzzle,WII,Other,1,58.24,HIGH,18.75,0.00,84.21,30.00,0.00,100.00,60,37,MEDIUM,HIGH,52.88
Strategy,PS4,PAL,11,52.75,HIGH,10.00,42.11,50.00,14.67,50.00,87.27,29,95,HIGH,HIGH,52.72
Strategy,3DS,PAL,11,52.75,HIGH,10.00,42.11,50.00,26.67,50.00,87.27,19,95,HIGH,MEDIUM,52.72
Misc,SAT,Japan,10,60.94,HIGH,33.75,36.84,57.90,27.37,16.67,100.00,15,339,HIGH,MEDIUM,52.67
Racing,PC,Other,11,59.18,HIGH,55.00,21.05,42.11,0.00,50.00,96.36,105,272,HIGH,HIGH,52.67
Sports,GBA,Japan,8,75.45,HIGH,91.25,94.74,23.69,5.00,0.00,100.00,103,222,HIGH,HIGH,52.66
Shooter,GBA,Japan,11,72.98,HIGH,92.50,63.16,36.85,8.00,0.00,100.00,45,285,HIGH,HIGH,52.54
Shooter,PC,Japan,11,72.98,HIGH,92.50,63.16,36.85,8.00,0.00,100.00,212,285,HIGH,HIGH,52.54
Adventure,DC,Other,10,54.23,HIGH,8.75,26.32,78.95,49.41,0.00,94.55,10,257,HIGH,MEDIUM,52.52
Role-Playing,PSP,Other,11,51.56,HIGH,36.25,5.26,39.48,17.78,33.33,100.00,184,157,HIGH,HIGH,52.49
Racing,3DS,Japan,11,59.18,HIGH,55.00,21.05,42.11,41.25,0.00,96.36,12,272,HIGH,MEDIUM,52.48
Sports,SAT,Japan,8,75.45,HIGH,91.25,94.74,23.69,16.00,0.00,100.00,17,222,HIGH,MEDIUM,52.41
Music,PS3,Other,10,55.90,HIGH,63.75,31.58,31.58,43.33,0.00,100.00,15,81,HIGH,MEDIUM,52.40
Platform,PC,Japan,1,70.91,HIGH,76.25,15.79,57.90,0.00,16.67,100.00,29,35,MEDIUM,HIGH,52.32
Platform,PC,Other,1,70.91,HIGH,76.25,15.79,57.90,0.00,16.67,100.00,29,35,MEDIUM,HIGH,52.32
Shooter,DS,Japan,11,72.98,HIGH,92.50,63.16,36.85,6.67,0.00,100.00,46,285,HIGH,HIGH,52.21
Action,WIIU,Japan,10,64.73,HIGH,70.00,10.53,55.26,21.11,0.00,94.55,26,422,HIGH,HIGH,52.12
Racing,GC,Japan,11,59.18,HIGH,55.00,21.05,42.11,27.50,0.00,96.36,62,272,HIGH,HIGH,52.04
Role-Playing,DS,PAL,11,51.56,HIGH,36.25,5.26,39.48,25.56,16.67,100.00,188,157,HIGH,HIGH,51.94
Fighting,PC,PAL,10,75.84,HIGH,71.25,47.37,73.69,0.00,33.33,89.09,12,118,HIGH,MEDIUM,51.91
Action,PC,Other,10,64.73,HIGH,70.00,10.53,55.26,0.00,33.33,94.55,152,422,HIGH,HIGH,51.84
Simulation,PSV,Japan,10,54.64,HIGH,27.50,57.89,26.32,4.00,66.67,96.36,15,167,HIGH,MEDIUM,51.58
Music,PSV,Japan,10,55.90,HIGH,63.75,31.58,31.58,0.00,66.67,100.00,16,81,HIGH,MEDIUM,51.57
Music,PSV,North America,10,55.90,HIGH,63.75,31.58,31.58,0.00,66.67,100.00,16,81,HIGH,MEDIUM,51.57
Music,WIIU,Other,10,55.90,HIGH,63.75,31.58,31.58,40.00,0.00,100.00,13,81,HIGH,MEDIUM,51.57
Music,PSV,PAL,10,55.90,HIGH,63.75,31.58,31.58,0.00,66.67,100.00,16,81,HIGH,MEDIUM,51.57
Sports,PC,Japan,8,75.45,HIGH,91.25,94.74,23.69,0.00,0.00,100.00,103,222,HIGH,HIGH,51.41
Racing,NS,Other,11,59.18,HIGH,55.00,21.05,42.11,6.25,50.00,96.36,16,272,HIGH,MEDIUM,51.23
Misc,NS,Japan,10,60.94,HIGH,33.75,36.84,57.90,9.47,16.67,100.00,23,339,HIGH,HIGH,51.20
Role-Playing,PSV,Other,11,51.56,HIGH,36.25,5.26,39.48,12.22,33.33,100.00,99,157,HIGH,HIGH,51.10
Strategy,PC,PAL,11,52.75,HIGH,10.00,42.11,50.00,8.00,50.00,87.27,276,95,HIGH,HIGH,51.05
Strategy,XONE,North America,11,52.75,HIGH,10.00,42.11,50.00,9.33,66.67,87.27,17,95,HIGH,MEDIUM,50.89
Simulation,NS,PAL,10,54.64,HIGH,27.50,57.89,26.32,10.67,50.00,96.36,15,167,HIGH,MEDIUM,50.75
Misc,PSP,Japan,10,60.94,HIGH,33.75,36.84,57.90,7.37,16.67,100.00,138,339,HIGH,HIGH,50.67
Simulation,PSP,Other,10,54.64,HIGH,27.50,57.89,26.32,28.00,0.00,96.36,39,167,HIGH,HIGH,50.58
Strategy,PSV,North America,11,52.75,HIGH,10.00,42.11,50.00,8.00,66.67,87.27,11,95,HIGH,MEDIUM,50.55
Adventure,PS2,Other,10,54.23,HIGH,8.75,26.32,78.95,29.41,0.00,94.55,272,257,HIGH,HIGH,50.52
Action,3DS,Japan,10,64.73,HIGH,70.00,10.53,55.26,14.44,0.00,94.55,114,422,HIGH,HIGH,50.45
Misc,PC,Japan,10,60.94,HIGH,33.75,36.84,57.90,6.32,16.67,100.00,55,339,HIGH,HIGH,50.41
Puzzle,PC,PAL,1,58.24,HIGH,18.75,0.00,84.21,0.00,33.33,100.00,73,37,MEDIUM,HIGH,50.38
Action,NS,Japan,10,64.73,HIGH,70.00,10.53,55.26,13.33,0.00,94.55,45,422,HIGH,HIGH,50.17
Role-Playing,PSP,PAL,11,51.56,HIGH,36.25,5.26,39.48,17.78,16.67,100.00,184,157,HIGH,HIGH,49.99
Strategy,XB,Other,11,52.75,HIGH,10.00,42.11,50.00,33.33,0.00,87.27,20,95,HIGH,HIGH,49.89
Role-Playing,PC,Other,11,51.56,HIGH,36.25,5.26,39.48,6.67,33.33,100.00,122,157,HIGH,HIGH,49.71
Puzzle,PS4,PAL,1,58.24,HIGH,18.75,0.00,84.21,8.33,33.33,100.00,12,37,MEDIUM,MEDIUM,49.47
Fighting,PC,Other,10,75.84,HIGH,71.25,47.37,73.69,0.00,16.67,89.09,12,118,HIGH,MEDIUM,49.41
Adventure,XONE,Other,10,54.23,HIGH,8.75,26.32,78.95,24.71,0.00,94.55,34,257,HIGH,HIGH,49.34
Simulation,PSV,PAL,10,54.64,HIGH,27.50,57.89,26.32,4.00,50.00,96.36,15,167,HIGH,MEDIUM,49.08
Simulation,PC,Other,10,54.64,HIGH,27.50,57.89,26.32,21.33,0.00,96.36,202,167,HIGH,HIGH,48.91
Role-Playing,NS,Other,11,51.56,HIGH,36.25,5.26,39.48,3.33,33.33,100.00,31,157,HIGH,HIGH,48.88
Music,PS4,Other,10,55.90,HIGH,63.75,31.58,31.58,16.67,0.00,100.00,24,81,HIGH,HIGH,48.73
Action-Adventure,NS,Japan,2,79.64,HIGH,97.50,68.42,50.00,0.00,0.00,92.00,10,20,MEDIUM,MEDIUM,48.67
Role-Playing,PSV,PAL,11,51.56,HIGH,36.25,5.26,39.48,12.22,16.67,100.00,99,157,HIGH,HIGH,48.60
Strategy,XONE,PAL,11,52.75,HIGH,10.00,42.11,50.00,9.33,50.00,87.27,17,95,HIGH,MEDIUM,48.39
Puzzle,PSP,Other,1,58.24,HIGH,18.75,0.00,84.21,11.67,0.00,100.00,55,37,MEDIUM,HIGH,48.30
Racing,GBA,Japan,11,59.18,HIGH,55.00,21.05,42.11,12.50,0.00,96.36,74,272,HIGH,HIGH,48.29
Simulation,PS4,Other,10,54.64,HIGH,27.50,57.89,26.32,18.67,0.00,96.36,41,167,HIGH,HIGH,48.25
Action,PSV,Japan,10,64.73,HIGH,70.00,10.53,55.26,5.56,0.00,94.55,140,422,HIGH,HIGH,48.23
Strategy,PSV,PAL,11,52.75,HIGH,10.00,42.11,50.00,8.00,50.00,87.27,11,95,HIGH,MEDIUM,48.05
Visual Novel,X360,PAL,5,60.66,HIGH,0.00,52.63,71.05,32.00,0.00,77.50,10,16,LOW,MEDIUM,47.86
Visual Novel,NS,North America,5,60.66,HIGH,0.00,52.63,71.05,0.00,50.00,77.50,10,16,LOW,MEDIUM,47.36
Visual Novel,NS,Other,5,60.66,HIGH,0.00,52.63,71.05,0.00,50.00,77.50,10,16,LOW,MEDIUM,47.36
Role-Playing,PC,PAL,11,51.56,HIGH,36.25,5.26,39.48,6.67,16.67,100.00,122,157,HIGH,HIGH,47.21
Simulation,XONE,Other,10,54.64,HIGH,27.50,57.89,26.32,13.33,0.00,96.36,29,167,HIGH,HIGH,46.91
Visual Novel,PSV,PAL,5,60.66,HIGH,0.00,52.63,71.05,28.00,0.00,77.50,75,16,LOW,MEDIUM,46.86
Action,PC,Japan,10,64.73,HIGH,70.00,10.53,55.26,0.00,0.00,94.55,152,422,HIGH,HIGH,46.84
Role-Playing,NS,PAL,11,51.56,HIGH,36.25,5.26,39.48,3.33,16.67,100.00,31,157,HIGH,HIGH,46.38
Adventure,NS,Other,10,54.23,HIGH,8.75,26.32,78.95,23.53,0.00,94.55,16,257,HIGH,MEDIUM,46.05
Puzzle,PC,Other,1,58.24,HIGH,18.75,0.00,84.21,0.00,0.00,100.00,73,37,MEDIUM,HIGH,45.38
Strategy,3DS,Other,11,52.75,HIGH,10.00,42.11,50.00,26.67,0.00,87.27,19,95,HIGH,MEDIUM,45.22
Strategy,PS4,Other,11,52.75,HIGH,10.00,42.11,50.00,14.67,0.00,87.27,29,95,HIGH,HIGH,45.22
Adventure,PSP,Other,10,54.23,HIGH,8.75,26.32,78.95,8.24,0.00,94.55,247,257,HIGH,HIGH,45.22
Racing,PC,Japan,11,59.18,HIGH,55.00,21.05,42.11,0.00,0.00,96.36,105,272,HIGH,HIGH,45.17
Adventure,PSV,Other,10,54.23,HIGH,8.75,26.32,78.95,5.88,0.00,94.55,167,257,HIGH,HIGH,44.63
Puzzle,PS4,Other,1,58.24,HIGH,18.75,0.00,84.21,8.33,0.00,100.00,12,37,MEDIUM,MEDIUM,44.47
Racing,NS,Japan,11,59.18,HIGH,55.00,21.05,42.11,6.25,0.00,96.36,16,272,HIGH,MEDIUM,43.73
Strategy,PC,Other,11,52.75,HIGH,10.00,42.11,50.00,8.00,0.00,87.27,276,95,HIGH,HIGH,43.55
Simulation,NS,Other,10,54.64,HIGH,27.50,57.89,26.32,10.67,0.00,96.36,15,167,HIGH,MEDIUM,43.25
Adventure,PC,Other,10,54.23,HIGH,8.75,26.32,78.95,0.00,0.00,94.55,197,257,HIGH,HIGH,43.16
Simulation,PSV,Other,10,54.64,HIGH,27.50,57.89,26.32,4.00,0.00,96.36,15,167,HIGH,MEDIUM,41.58
Music,PSV,Other,10,55.90,HIGH,63.75,31.58,31.58,0.00,0.00,100.00,16,81,HIGH,MEDIUM,41.57
Strategy,XONE,Other,11,52.75,HIGH,10.00,42.11,50.00,9.33,0.00,87.27,17,95,HIGH,MEDIUM,40.89
Strategy,PSV,Other,11,52.75,HIGH,10.00,42.11,50.00,8.00,0.00,87.27,11,95,HIGH,MEDIUM,40.55
Visual Novel,NS,PAL,5,60.66,HIGH,0.00,52.63,71.05,0.00,0.00,77.50,10,16,LOW,MEDIUM,39.86
