title,genre,console,platform_family,release_date,release_year,total_sales,is_success,success_probability,predicted_success,decision_threshold
Cafe Cuillere,Visual Novel,PSV,PlayStation,2018-01-01,2018,0.01,0,0.18308292999350897,0,0.4400000000000002
Sword Art Online: Hollow Realization,Role-Playing,PSV,PlayStation,2018-01-01,2018,0.26,1,0.29665912255340315,0,0.4400000000000002
The Town Of Light,Adventure,NS,Nintendo,2018-01-01,2018,0.03,0,0.1935950204815458,0,0.4400000000000002
Yooka-Laylee,Platform,PS4,PlayStation,2018-01-01,2018,0.29,1,0.1438065891116816,0,0.4400000000000002
Happy Manager: Shiawase Zhuang No Kanrinin San,Simulation,PS4,PlayStation,2018-01-11,2018,0.01,0,0.33672471423835276,0,0.4400000000000002
Rocket League,Sports,NS,Nintendo,2018-01-16,2018,0.4,0,0.4159047711863501,0,0.4400000000000002
Ephemeral: Fantasy On Dark,Adventure,PSV,PlayStation,2018-01-18,2018,0.0,0,0.08072696237964026,0,0.4400000000000002
Gintama Ranbu,Action,PS4,PlayStation,2018-01-18,2018,0.06,0,0.18761352226669425,0,0.4400000000000002
Gintama Ranbu,Action,PSV,PlayStation,2018-01-18,2018,0.04,0,0.10551791649750536,0,0.4400000000000002
Digimon Story: Cyber Sleuth - Hacker'S Memory,Role-Playing,PS4,PlayStation,2018-01-19,2018,0.16,0,0.3452905834943841,0,0.4400000000000002
Digimon Story: Cyber Sleuth - Hacker'S Memory,Role-Playing,PSV,PlayStation,2018-01-19,2018,0.04,0,0.1691208901185889,0,0.4400000000000002
Kirby: Battle Royale,Fighting,3DS,Nintendo,2018-01-19,2018,0.33,1,0.5967897258389658,1,0.4400000000000002
Lost Sphear,Role-Playing,NS,Nintendo,2018-01-23,2018,0.04,0,0.5190058383643782,1,0.4400000000000002
Lost Sphear,Role-Playing,PS4,PlayStation,2018-01-23,2018,0.02,0,0.5343345616619458,1,0.4400000000000002
The Inpatient,Action,PS4,PlayStation,2018-01-23,2018,0.13,0,0.7271615875837354,1,0.4400000000000002
Hello Lady! Superior Dynamis,Visual Novel,PSV,PlayStation,2018-01-25,2018,0.0,0,0.2083170201334496,0,0.4400000000000002
Ninki Seiyuu No Tsukurikata,Adventure,PSV,PlayStation,2018-01-25,2018,0.0,0,0.07112368347551606,0,0.4400000000000002
Monster Hunter: World,Action,XONE,Xbox,2018-01-26,2018,0.93,1,0.6208682794406871,1,0.4400000000000002
Pokémon Crystal Version,Role-Playing,3DS,Nintendo,2018-01-26,2018,0.12,0,0.5293779447356748,1,0.4400000000000002
Dissidia Final Fantasy Nt,Fighting,PS4,PlayStation,2018-01-30,2018,0.46,1,0.7765327171411649,1,0.4400000000000002
Railway Empire,Simulation,PC,PC,2018-01-30,2018,0.0,0,0.1449956617260578,0,0.4400000000000002
Railway Empire,Simulation,PS4,PlayStation,2018-01-30,2018,0.03,0,0.36577132509432503,0,0.4400000000000002
Railway Empire,Simulation,XONE,Xbox,2018-01-30,2018,0.03,0,0.3746947686251895,0,0.4400000000000002
Ea Sports Ufc 3,Sports,PS4,PlayStation,2018-02-02,2018,0.97,1,0.8287674092528475,1,0.4400000000000002
Ea Sports Ufc 3,Sports,XONE,Xbox,2018-02-02,2018,0.44,0,0.8504299768258825,1,0.4400000000000002
Shadow Of The Colossus,Action-Adventure,PS4,PlayStation,2018-02-06,2018,1.2,1,0.6649999868714488,1,0.4400000000000002
Dragon Quest Builders: Revive Alefgard,Role-Playing,NS,Nintendo,2018-02-09,2018,0.22,1,0.7038699424237975,1,0.4400000000000002
The Seven Deadly Sins: Knights Of Britannia,Fighting,PS4,PlayStation,2018-02-09,2018,0.1,0,0.14824994654295287,0,0.4400000000000002
Under Night In-Birth Exe:Latest,Fighting,PS4,PlayStation,2018-02-09,2018,0.04,0,0.26596284659008956,0,0.4400000000000002
Dynasty Warriors 9,Action,PS4,PlayStation,2018-02-13,2018,0.37,1,0.32836883544998263,0,0.4400000000000002
Dynasty Warriors 9,Action,XONE,Xbox,2018-02-13,2018,0.08,0,0.3156557030226649,0,0.4400000000000002
Kingdom Come: Deliverance,Role-Playing,PS4,PlayStation,2018-02-13,2018,0.56,1,0.4270113487579264,0,0.4400000000000002
Kingdom Come: Deliverance,Role-Playing,XONE,Xbox,2018-02-13,2018,0.22,1,0.6796142533848486,1,0.4400000000000002
Monster Energy Supercross - The Official Videogame,Racing,NS,Nintendo,2018-02-13,2018,0.03,0,0.12069268902344264,0,0.4400000000000002
Monster Energy Supercross - The Official Videogame,Racing,PS4,PlayStation,2018-02-13,2018,0.11,0,0.14680887574009874,0,0.4400000000000002
Monster Energy Supercross - The Official Videogame,Racing,XONE,Xbox,2018-02-13,2018,0.08,0,0.1368796154307856,0,0.4400000000000002
Overcooked Special Edition,Simulation,NS,Nintendo,2018-02-13,2018,0.11,1,0.25643548915386843,0,0.4400000000000002
Portal Knights,Role-Playing,NS,Nintendo,2018-02-13,2018,0.06,0,0.34894532626883573,0,0.4400000000000002
Radiant Historia: Perfect Chronology,Role-Playing,3DS,Nintendo,2018-02-13,2018,0.21,1,0.4689176212679625,1,0.4400000000000002
South Park: The Stick Of Truth,Role-Playing,PS4,PlayStation,2018-02-13,2018,0.03,0,0.700956807045024,1,0.4400000000000002
South Park: The Stick Of Truth,Role-Playing,XONE,Xbox,2018-02-13,2018,0.02,0,0.7063114823807203,1,0.4400000000000002
The Longest 5 Minutes,Action,NS,Nintendo,2018-02-13,2018,0.03,0,0.18758215306161288,0,0.4400000000000002
The Longest 5 Minutes,Action,PSV,PlayStation,2018-02-13,2018,0.02,0,0.10069620093763615,0,0.4400000000000002
Cyber Troopers: Virtual On X Toaru Majutsu No Index: Toaru Majutsu No Dennou Senki,Action,PS4,PlayStation,2018-02-15,2018,0.03,0,0.5415394120704733,1,0.4400000000000002
Cyber Troopers: Virtual On X Toaru Majutsu No Index: Toaru Majutsu No Dennou Senki,Action,PSV,PlayStation,2018-02-15,2018,0.02,0,0.2709492128605297,0,0.4400000000000002
Idolish7 Twelve Fantasia!,Music,PSV,PlayStation,2018-02-15,2018,0.03,0,0.07314431484512156,0,0.4400000000000002
Secret Of Mana,Role-Playing,PS4,PlayStation,2018-02-15,2018,0.28,1,0.6582440806925195,1,0.4400000000000002
Secret Of Mana,Role-Playing,PSV,PlayStation,2018-02-15,2018,0.04,0,0.4293975726708738,0,0.4400000000000002
Metal Gear Survive,Action,PS4,PlayStation,2018-02-20,2018,0.23,1,0.40198958593102635,0,0.4400000000000002
Metal Gear Survive,Action,XONE,Xbox,2018-02-20,2018,0.08,0,0.44209479376372923,1,0.4400000000000002
Rad Rodgers,Platform,PS4,PlayStation,2018-02-21,2018,0.02,0,0.2316806681080579,0,0.4400000000000002
Rad Rodgers,Platform,XONE,Xbox,2018-02-21,2018,0.02,0,0.14366873105266964,0,0.4400000000000002
Girls Und Panzer: Dream Tank Match,Action,PS4,PlayStation,2018-02-22,2018,0.06,0,0.17890397753730058,0,0.4400000000000002
Gotouchi Tetsudou For Nintendo Switch!!,Puzzle,NS,Nintendo,2018-02-22,2018,0.02,0,0.37705642202414763,0,0.4400000000000002
Harukanaru Toki No Naka De Ultimate,Visual Novel,PSV,PlayStation,2018-02-22,2018,0.01,0,0.20559634752391878,0,0.4400000000000002
Kimi No Hitomi Ni Hit Me,Visual Novel,PSV,PlayStation,2018-02-22,2018,0.01,0,0.19482415072159973,0,0.4400000000000002
Tokimeki Restaurant: Project Tristars,Visual Novel,PSV,PlayStation,2018-02-22,2018,0.01,0,0.2974677186243248,0,0.4400000000000002
Vitamin X: Destination,Visual Novel,PSV,PlayStation,2018-02-22,2018,0.01,0,0.23973073074296292,0,0.4400000000000002
Past Cure,Action,PS4,PlayStation,2018-02-23,2018,0.03,0,0.24641564422356516,0,0.4400000000000002
Past Cure,Action,XONE,Xbox,2018-02-23,2018,0.02,0,0.1132715698483108,0,0.4400000000000002
Sword Art Online: Fatal Bullet,Role-Playing,PS4,PlayStation,2018-02-23,2018,0.29,1,0.5030602933807751,1,0.4400000000000002
Sword Art Online: Fatal Bullet,Role-Playing,XONE,Xbox,2018-02-23,2018,0.1,0,0.5324566450764683,1,0.4400000000000002
Don'T Knock Twice,Adventure,PS4,PlayStation,2018-02-27,2018,0.03,0,0.36223751326521114,0,0.4400000000000002
Far Cry 5,Action,PC,PC,2018-02-27,2018,0.07,0,0.28077332591248694,0,0.4400000000000002
Gravel,Racing,PS4,PlayStation,2018-02-27,2018,0.08,0,0.14632405409317634,0,0.4400000000000002
Gravel,Racing,XONE,Xbox,2018-02-27,2018,0.05,0,0.13025699656261355,0,0.4400000000000002
Payday 2,Shooter,NS,Nintendo,2018-02-27,2018,0.12,0,0.23777847661788776,0,0.4400000000000002
Doraemon: Nobita No Takarajima,Action,3DS,Nintendo,2018-03-01,2018,0.03,0,0.07470116622379681,0,0.4400000000000002
Bravo Team,Shooter,PS4,PlayStation,2018-03-06,2018,0.27,0,0.6193387881324358,1,0.4400000000000002
Life Is Strange: Before The Storm,Adventure,PS4,PlayStation,2018-03-06,2018,0.22,1,0.7679883609141721,1,0.4400000000000002
Life Is Strange: Before The Storm,Adventure,XONE,Xbox,2018-03-06,2018,0.09,1,0.8168807565050323,1,0.4400000000000002
Scribblenauts: Showdown,Platform,NS,Nintendo,2018-03-06,2018,0.07,0,0.5399778775189787,1,0.4400000000000002
Scribblenauts: Showdown,Platform,PS4,PlayStation,2018-03-06,2018,0.05,0,0.5064109871355253,1,0.4400000000000002
Scribblenauts: Showdown,Platform,XONE,Xbox,2018-03-06,2018,0.04,0,0.46559000450976007,1,0.4400000000000002
Tt Isle Of Man: Ride On The Edge,Racing,PS4,PlayStation,2018-03-06,2018,0.17,1,0.18627575937203303,0,0.4400000000000002
Tt Isle Of Man: Ride On The Edge,Racing,XONE,Xbox,2018-03-06,2018,0.08,0,0.2993286773961461,0,0.4400000000000002
Fortissimo,Adventure,PSV,PlayStation,2018-03-08,2018,0.01,0,0.17284510284854324,0,0.4400000000000002
Lucky Dog 1,Visual Novel,PSV,PlayStation,2018-03-08,2018,0.01,0,0.2401371345756275,0,0.4400000000000002
The Legend Of Heroes: Sen No Kiseki: Kai -Thors Military Academy 1204-,Role-Playing,PS4,PlayStation,2018-03-08,2018,0.03,0,0.14299743705848267,0,0.4400000000000002
Your Four Knight Princesses Training Story,Role-Playing,PSV,PlayStation,2018-03-08,2018,0.01,0,0.07131558260217588,0,0.4400000000000002
Armello,Strategy,PS4,PlayStation,2018-03-13,2018,0.02,0,0.3757841709050122,0,0.4400000000000002
Beast Quest,Action-Adventure,PS4,PlayStation,2018-03-13,2018,0.03,0,0.2188669396461294,0,0.4400000000000002
Beast Quest,Action-Adventure,XONE,Xbox,2018-03-13,2018,0.03,0,0.18797283595087305,0,0.4400000000000002
Devil May Cry Hd Collection,Action,PS4,PlayStation,2018-03-13,2018,0.21,1,0.6145658908194588,1,0.4400000000000002
Devil May Cry Hd Collection,Action,XONE,Xbox,2018-03-13,2018,0.04,0,0.6243488933718949,1,0.4400000000000002
Pure Farming 2018,Simulation,PC,PC,2018-03-13,2018,0.0,0,0.05330531327972324,0,0.4400000000000002
Pure Farming 2018,Simulation,PS4,PlayStation,2018-03-13,2018,0.04,0,0.1553714312153634,0,0.4400000000000002
Pure Farming 2018,Simulation,XONE,Xbox,2018-03-13,2018,0.03,0,0.170105793353629,0,0.4400000000000002
The Raven Remastered,Adventure,PS4,PlayStation,2018-03-13,2018,0.03,0,0.25177311424217064,0,0.4400000000000002
The Raven Remastered,Adventure,XONE,Xbox,2018-03-13,2018,0.03,0,0.26327170674861233,0,0.4400000000000002
Attack On Titan 2,Action,PSV,PlayStation,2018-03-15,2018,0.03,0,0.030639824898696603,0,0.4400000000000002
Future Card Buddyfight: Tanjou! Oretachi No Saikyou Body!,Strategy,3DS,Nintendo,2018-03-15,2018,0.02,0,0.2013642154082679,0,0.4400000000000002
Surviving Mars,Simulation,PS4,PlayStation,2018-03-15,2018,0.04,0,0.3900969246651314,0,0.4400000000000002
Surviving Mars,Simulation,XONE,Xbox,2018-03-15,2018,0.05,0,0.3873752653688122,0,0.4400000000000002
Winning Post 8 2018,Sports,NS,Nintendo,2018-03-15,2018,0.01,0,0.07989649801153989,0,0.4400000000000002
Winning Post 8 2018,Sports,PS4,PlayStation,2018-03-15,2018,0.02,0,0.08824864479926736,0,0.4400000000000002
Winning Post 8 2018,Sports,PSV,PlayStation,2018-03-15,2018,0.01,0,0.031346797838802155,0,0.4400000000000002
Worldneverland: Elnea Kingdom,Misc,NS,Nintendo,2018-03-15,2018,0.0,0,0.23810323705670253,0,0.4400000000000002
Burnout Paradise Remastered,Racing,PS4,PlayStation,2018-03-16,2018,0.37,1,0.6251546493861716,1,0.4400000000000002
Burnout Paradise Remastered,Racing,XONE,Xbox,2018-03-16,2018,0.11,0,0.7958739675775,1,0.4400000000000002
Flowers: Le Volume Sur Hiver,Visual Novel,PSV,PlayStation,2018-03-16,2018,0.01,0,0.24257522933241965,0,0.4400000000000002
Assassin'S Creed Rogue Remastered,Action-Adventure,PS4,PlayStation,2018-03-20,2018,0.15,0,0.5468798345511858,1,0.4400000000000002
Assassin'S Creed Rogue Remastered,Action-Adventure,XONE,Xbox,2018-03-20,2018,0.04,0,0.5487342803808201,1,0.4400000000000002
Attack On Titan 2,Action,NS,Nintendo,2018-03-20,2018,0.23,1,0.12691945450344616,0,0.4400000000000002
Attack On Titan 2,Action,PS4,PlayStation,2018-03-20,2018,0.22,1,0.2298301577529179,0,0.4400000000000002
Attack On Titan 2,Action,XONE,Xbox,2018-03-20,2018,0.09,0,0.26043305147403994,0,0.4400000000000002
R.B.I. Baseball 18,Sports,NS,Nintendo,2018-03-20,2018,0.13,0,0.13331814644197637,0,0.4400000000000002
R.B.I. Baseball 18,Sports,PS4,PlayStation,2018-03-20,2018,0.07,0,0.24269299600948346,0,0.4400000000000002
R.B.I. Baseball 18,Sports,XONE,Xbox,2018-03-20,2018,0.13,0,0.11917281511376483,0,0.4400000000000002
Sea Of Thieves,Action-Adventure,XONE,Xbox,2018-03-20,2018,0.96,1,0.8135861675374116,1,0.4400000000000002
Titan Quest,Action,PS4,PlayStation,2018-03-20,2018,0.02,0,0.13513226348289029,0,0.4400000000000002
Titan Quest,Action,XONE,Xbox,2018-03-20,2018,0.02,0,0.12954659434330706,0,0.4400000000000002
Kanojo Step,Visual Novel,PSV,PlayStation,2018-03-21,2018,0.0,0,0.18591254943760646,0,0.4400000000000002
D.S.: Dal Segno,Visual Novel,PSV,PlayStation,2018-03-22,2018,0.0,0,0.19255262037722884,0,0.4400000000000002
Dance With Devils: My Carol,Visual Novel,PSV,PlayStation,2018-03-22,2018,0.01,0,0.3576867881392523,0,0.4400000000000002
Ikemen Sengoku: Toki O Kakeru Koi - Aratanaru Deai,Visual Novel,PSV,PlayStation,2018-03-22,2018,0.01,0,0.2843058021036165,0,0.4400000000000002
A Way Out,Action,PS4,PlayStation,2018-03-23,2018,0.48,1,0.6100920902135695,1,0.4400000000000002
A Way Out,Action,XONE,Xbox,2018-03-23,2018,0.24,1,0.7953003689125792,1,0.4400000000000002
Detective Pikachu,Adventure,3DS,Nintendo,2018-03-23,2018,0.47,1,0.7708544674043217,1,0.4400000000000002
Ni No Kuni Ii: Revenant Kingdom,Role-Playing,PS4,PlayStation,2018-03-23,2018,0.89,1,0.6234758781682386,1,0.4400000000000002
Aqua Moto Racing Utopia,Racing,NS,Nintendo,2018-03-27,2018,0.03,0,0.20189069119297343,0,0.4400000000000002
Atelier Lydie & Suelle: The Alchemists And The Mysterious Paintings,Role-Playing,NS,Nintendo,2018-03-27,2018,0.03,0,0.24773996050283761,0,0.4400000000000002
Atelier Lydie & Suelle: The Alchemists And The Mysterious Paintings,Role-Playing,PS4,PlayStation,2018-03-27,2018,0.06,0,0.29294464241796886,0,0.4400000000000002
Far Cry 5,Action,PS4,PlayStation,2018-03-27,2018,3.95,1,0.5943845152485858,1,0.4400000000000002
Far Cry 5,Action,XONE,Xbox,2018-03-27,2018,1.78,1,0.7256720748265351,1,0.4400000000000002
Mlb The Show 18,Sports,PS4,PlayStation,2018-03-27,2018,1.06,1,0.798807556298001,1,0.4400000000000002
Mx Vs Atv All Out,Racing,PS4,PlayStation,2018-03-27,2018,0.12,0,0.44163809196005666,1,0.4400000000000002
Mx Vs Atv All Out,Racing,XONE,Xbox,2018-03-27,2018,0.08,0,0.39856667712402766,0,0.4400000000000002
Psychedelica Of The Black Butterfly,Action,PSV,PlayStation,2018-03-27,2018,0.02,0,0.09890055996758333,0,0.4400000000000002
Snow Moto Racing Freedom,Racing,NS,Nintendo,2018-03-27,2018,0.03,0,0.18970024355940862,0,0.4400000000000002
The Alliance Alive,Role-Playing,3DS,Nintendo,2018-03-27,2018,0.11,0,0.4098042583309602,0,0.4400000000000002
The Witch And The Hundred Knight 2,Role-Playing,PS4,PlayStation,2018-03-27,2018,0.07,0,0.3078172320268821,0,0.4400000000000002
Enkan No Memoria: Kakera Tomoshi,Visual Novel,PSV,PlayStation,2018-03-29,2018,0.0,0,0.20012821413265386,0,0.4400000000000002
Memories Off: Innocent File,Visual Novel,PS4,PlayStation,2018-03-29,2018,0.01,0,0.3875400790286137,0,0.4400000000000002
Memories Off: Innocent File,Visual Novel,PSV,PlayStation,2018-03-29,2018,0.01,0,0.17564531674543699,0,0.4400000000000002
Super Robot Wars X,Strategy,PS4,PlayStation,2018-03-29,2018,0.13,1,0.5082639804974789,1,0.4400000000000002
Super Robot Wars X,Strategy,PSV,PlayStation,2018-03-29,2018,0.07,1,0.31017400315860943,0,0.4400000000000002
Code: Realize - Bouquet Of Rainbows,Visual Novel,PS4,PlayStation,2018-03-30,2018,0.03,1,0.43511712376312756,0,0.4400000000000002
Code: Realize - Shukufuku No Mirai,Adventure,PSV,PlayStation,2018-03-30,2018,0.02,0,0.20841513694366137,0,0.4400000000000002
Motogp 18,Racing,PC,PC,2018-03-31,2018,0.0,0,0.047051552730576665,0,0.4400000000000002
Penny-Punching Princess,Misc,NS,Nintendo,2018-04-03,2018,0.03,0,0.25512008308184797,0,0.4400000000000002
Extinction,Action,PS4,PlayStation,2018-04-10,2018,0.06,0,0.15072751843836968,0,0.4400000000000002
Extinction,Action,XONE,Xbox,2018-04-10,2018,0.05,0,0.1284402049015347,0,0.4400000000000002
Trailblazers,Racing,NS,Nintendo,2018-04-15,2018,0.01,0,0.14962447719371055,0,0.4400000000000002
Don'T Starve,Adventure,PS4,PlayStation,2018-04-17,2018,0.05,1,0.35504817047983545,0,0.4400000000000002
Don'T Starve: Giant Edition,Adventure,XONE,Xbox,2018-04-17,2018,0.04,0,0.4958310535136048,1,0.4400000000000002
Wild Guns Reloaded,Shooter,NS,Nintendo,2018-04-17,2018,0.07,0,0.3206630964262381,0,0.4400000000000002
Metal Max Xeno,Role-Playing,PSV,PlayStation,2018-04-19,2018,0.02,0,0.1066396278694085,0,0.4400000000000002
Neo Atlas 1469,Simulation,NS,Nintendo,2018-04-19,2018,0.01,0,0.2380975283644698,0,0.4400000000000002
Shin Megami Tensei Iv Double Hero Pack,Action,3DS,Nintendo,2018-04-19,2018,0.0,0,0.396370718895869,0,0.4400000000000002
Nintendo Labo: Toy-Con 02 Robot Kit,Action,NS,Nintendo,2018-04-20,2018,0.36,1,0.47661506960739486,1,0.4400000000000002
Darkest Dungeon,Role-Playing,NS,Nintendo,2018-04-24,2018,0.03,0,0.15563020316256274,0,0.4400000000000002
Darkest Dungeon,Role-Playing,PS4,PlayStation,2018-04-24,2018,0.04,0,0.23142161218576082,0,0.4400000000000002
Dragon'S Crown Pro,Role-Playing,PS4,PlayStation,2018-04-24,2018,0.12,0,0.6178431684941822,1,0.4400000000000002
Gal Gun 2,Simulation,NS,Nintendo,2018-04-24,2018,0.02,0,0.333860166676872,0,0.4400000000000002
Gal Gun 2,Simulation,PS4,PlayStation,2018-04-24,2018,0.01,0,0.379503830174805,0,0.4400000000000002
Max: The Curse Of Brotherhood,Action-Adventure,NS,Nintendo,2018-04-24,2018,0.01,0,0.1214286754944456,0,0.4400000000000002
Rick & Morty Virtual Rick-Ality,Simulation,PS4,PlayStation,2018-04-24,2018,0.08,0,0.32253267584266426,0,0.4400000000000002
South Park: The Fractured But Whole,Role-Playing,NS,Nintendo,2018-04-24,2018,0.14,0,0.6568225083971767,1,0.4400000000000002
The Invisible Hours,Adventure,XONE,Xbox,2018-04-24,2018,0.05,1,0.4327041840307476,0,0.4400000000000002
Cube Creator X,Misc,NS,Nintendo,2018-04-26,2018,0.01,0,0.12349560389068086,0,0.4400000000000002
Dillon'S Dead-Heat Breakers,Action,3DS,Nintendo,2018-04-26,2018,0.0,0,0.47538328452910494,1,0.4400000000000002
Doukoku Soshite... Doukoku Soshite...,Visual Novel,PS4,PlayStation,2018-04-26,2018,0.01,0,0.3348828996365686,0,0.4400000000000002
Doukoku Soshite... Doukoku Soshite...,Visual Novel,PSV,PlayStation,2018-04-26,2018,0.01,0,0.17796952239849848,0,0.4400000000000002
Jikkyou Powerful Pro Baseball 2018,Sports,PS4,PlayStation,2018-04-26,2018,0.26,0,0.39208847756779397,0,0.4400000000000002
Jikkyou Powerful Pro Baseball 2018,Sports,PSV,PlayStation,2018-04-26,2018,0.12,0,0.15699767866502365,0,0.4400000000000002
Natsuiro Kokoro Log,Visual Novel,PSV,PlayStation,2018-04-26,2018,0.0,0,0.19572955263743863,0,0.4400000000000002
Sd Gundam G Generation Genesis,Strategy,NS,Nintendo,2018-04-26,2018,0.04,0,0.43528508574472524,0,0.4400000000000002
"Tengai Ni Mau, Iki Na Hana",Visual Novel,PSV,PlayStation,2018-04-26,2018,0.01,0,0.2941290056366569,0,0.4400000000000002
Utawarerumono: Chiriyukusha E No Komoriuta,Role-Playing,PS4,PlayStation,2018-04-26,2018,0.03,0,0.42705313367693215,0,0.4400000000000002
Utawarerumono: Chiriyukusha E No Komoriuta,Role-Playing,PSV,PlayStation,2018-04-26,2018,0.02,0,0.22240540237754486,0,0.4400000000000002
Conan Exiles,Action-Adventure,PS4,PlayStation,2018-05-08,2018,0.21,0,0.21423007514701345,0,0.4400000000000002
Conan Exiles,Action-Adventure,XONE,Xbox,2018-05-08,2018,0.06,0,0.1916619884159343,0,0.4400000000000002
Megadimension Neptunia Viir,Role-Playing,PS4,PlayStation,2018-05-08,2018,0.04,0,0.18791022733195148,0,0.4400000000000002
Shantae: Half-Genie Hero,Platform,NS,Nintendo,2018-05-08,2018,0.12,0,0.31355781722705084,0,0.4400000000000002
Trailblazers,Racing,PS4,PlayStation,2018-05-08,2018,0.02,0,0.13830820765059704,0,0.4400000000000002
One Piece: Pirate Warriors 3 - Deluxe Edition,Action,NS,Nintendo,2018-05-11,2018,0.06,0,0.12577515377677548,0,0.4400000000000002
Battle Chasers: Nightwar,Role-Playing,NS,Nintendo,2018-05-15,2018,0.05,0,0.13423940531353515,0,0.4400000000000002
Dragon'S Crown Pro,Role-Playing,PS4,PlayStation,2018-05-15,2018,0.07,0,0.60143575717803,1,0.4400000000000002
Hello Kitty Kruisers,Misc,NS,Nintendo,2018-05-15,2018,0.02,0,0.11754371135360216,0,0.4400000000000002
Shin Megami Tensei: Strange Journey Redux,Role-Playing,3DS,Nintendo,2018-05-15,2018,0.2,1,0.48183031609719346,1,0.4400000000000002
Amatsutsumi,Visual Novel,PSV,PlayStation,2018-05-17,2018,0.01,0,0.23499174250226318,0,0.4400000000000002
Hyrule Warriors: Definitive Edition,Action,NS,Nintendo,2018-05-18,2018,0.46,1,0.4514021095873764,1,0.4400000000000002
Little Nightmares,Platform,NS,Nintendo,2018-05-18,2018,0.05,0,0.2833172937995065,0,0.4400000000000002
Mega Man Legacy Collection 1+2,Platform,NS,Nintendo,2018-05-22,2018,0.25,0,0.38383863427491705,0,0.4400000000000002
Runner3,Platform,NS,Nintendo,2018-05-22,2018,0.02,0,0.200353172783528,0,0.4400000000000002
State Of Decay 2,Action-Adventure,XONE,Xbox,2018-05-22,2018,0.46,1,0.6027487947780759,1,0.4400000000000002
Tennis World Tour,Sports,PS4,PlayStation,2018-05-22,2018,0.04,0,0.15976889063467004,0,0.4400000000000002
Tennis World Tour,Sports,XONE,Xbox,2018-05-22,2018,0.04,0,0.10938266984283063,0,0.4400000000000002
Persona Dancing: Deluxe Twin Plus,Music,PSV,PlayStation,2018-05-24,2018,0.02,0,0.21471637530130133,0,0.4400000000000002
7'Scarlet,Adventure,PSV,PlayStation,2018-05-25,2018,0.02,0,0.20579428985743006,0,0.4400000000000002
Dark Souls: Remastered,Role-Playing,XONE,Xbox,2018-05-25,2018,0.11,0,0.2609531392525105,0,0.4400000000000002
Agony,Action-Adventure,PS4,PlayStation,2018-05-29,2018,0.03,0,0.2064426947056713,0,0.4400000000000002
Agony,Action-Adventure,XONE,Xbox,2018-05-29,2018,0.02,0,0.12967982479741666,0,0.4400000000000002
Fallen Legion: Rise To Glory,Role-Playing,NS,Nintendo,2018-05-29,2018,0.02,0,0.2314793102246404,0,0.4400000000000002
Harvest Moon: Light Of Hope,Simulation,NS,Nintendo,2018-05-29,2018,0.17,1,0.5405637058524491,1,0.4400000000000002
Harvest Moon: Light Of Hope,Simulation,PS4,PlayStation,2018-05-29,2018,0.07,0,0.6262619976486693,1,0.4400000000000002
Legend Of Kay Anniversary,Action-Adventure,NS,Nintendo,2018-05-29,2018,0.01,0,0.09588814929829186,0,0.4400000000000002
Owlboy,Platform,NS,Nintendo,2018-05-29,2018,0.05,0,0.11272627987692163,0,0.4400000000000002
Owlboy,Platform,PS4,PlayStation,2018-05-29,2018,0.05,0,0.13479015370091577,0,0.4400000000000002
Sega Genesis Classics,Misc,PS4,PlayStation,2018-05-29,2018,0.35,1,0.66915426304034,1,0.4400000000000002
Sega Genesis Classics,Misc,XONE,Xbox,2018-05-29,2018,0.1,1,0.6610493628148939,1,0.4400000000000002
Street Fighter 30Th Anniversary Collection,Fighting,NS,Nintendo,2018-05-29,2018,0.19,0,0.4790498188748416,1,0.4400000000000002
Street Fighter 30Th Anniversary Collection,Fighting,PC,PC,2018-05-29,2018,0.0,0,0.2949259829342328,0,0.4400000000000002
Street Fighter 30Th Anniversary Collection,Fighting,PS4,PlayStation,2018-05-29,2018,0.24,0,0.6535349307307683,1,0.4400000000000002
Street Fighter 30Th Anniversary Collection,Fighting,XONE,Xbox,2018-05-29,2018,0.07,0,0.6599520955260326,1,0.4400000000000002
Full Metal Panic! Fight: Who Dares Wins,Fighting,PS4,PlayStation,2018-05-31,2018,0.02,0,0.15515370924410746,0,0.4400000000000002
Hyperdimension Neptunia Re;Birth1 Plus,Role-Playing,PS4,PlayStation,2018-05-31,2018,0.01,0,0.16365170803325332,0,0.4400000000000002
Sweet Pool,Visual Novel,PSV,PlayStation,2018-05-31,2018,0.01,0,0.19654996552087647,0,0.4400000000000002
The Liar Princess And The Blind Prince,Platform,PSV,PlayStation,2018-05-31,2018,0.01,0,0.05865052847194824,0,0.4400000000000002
Blazblue: Cross Tag Battle,Fighting,NS,Nintendo,2018-06-05,2018,0.07,0,0.09859659023756955,0,0.4400000000000002
Blazblue: Cross Tag Battle,Fighting,PS4,PlayStation,2018-06-05,2018,0.08,0,0.16099435943521898,0,0.4400000000000002
Happy Birthdays,Misc,NS,Nintendo,2018-06-05,2018,0.01,0,0.24443089223346162,0,0.4400000000000002
Nobunaga'S Ambition: Taishi,Strategy,PS4,PlayStation,2018-06-05,2018,0.06,1,0.3129952422625451,0,0.4400000000000002
Onrush,Racing,PS4,PlayStation,2018-06-05,2018,0.05,0,0.5732374590736851,1,0.4400000000000002
Onrush,Racing,XONE,Xbox,2018-06-05,2018,0.03,0,0.5653644792799367,1,0.4400000000000002
Shaq-Fu: A Legend Reborn,Action,NS,Nintendo,2018-06-05,2018,0.02,0,0.10037622274649409,0,0.4400000000000002
Shaq-Fu: A Legend Reborn,Action,PS4,PlayStation,2018-06-05,2018,0.02,0,0.10602026971322334,0,0.4400000000000002
Shaq-Fu: A Legend Reborn,Action,XONE,Xbox,2018-06-05,2018,0.02,0,0.11027808043409758,0,0.4400000000000002
Vampyr,Role-Playing,PS4,PlayStation,2018-06-05,2018,0.37,1,0.5674040094956644,1,0.4400000000000002
Vampyr,Role-Playing,XONE,Xbox,2018-06-05,2018,0.12,0,0.5718631306736748,1,0.4400000000000002
Fate/Extella Link,Action,PSV,PlayStation,2018-06-07,2018,0.06,0,0.33883426943012346,0,0.4400000000000002
Sushi Striker: The Way Of Sushido,Puzzle,3DS,Nintendo,2018-06-08,2018,0.04,0,0.6853185206258678,1,0.4400000000000002
Sushi Striker: The Way Of Sushido,Puzzle,NS,Nintendo,2018-06-08,2018,0.07,0,0.66487495772533,1,0.4400000000000002
Super Bomberman R,Puzzle,PS4,PlayStation,2018-06-12,2018,0.06,0,0.7486354534857436,1,0.4400000000000002
Super Bomberman R,Puzzle,XONE,Xbox,2018-06-12,2018,0.03,0,0.6869881025677492,1,0.4400000000000002
Yonder: The Cloud Catcher Chronicles,Action,NS,Nintendo,2018-06-12,2018,0.03,0,0.0780126491610923,0,0.4400000000000002
Clannad,Visual Novel,PS4,PlayStation,2018-06-14,2018,0.0,0,0.40625614547733807,0,0.4400000000000002
God Wars: Nihon Shinwa Taisen,Role-Playing,PS4,PlayStation,2018-06-14,2018,0.01,0,0.20978149869407978,0,0.4400000000000002
God Wars: Nihon Shinwa Taisen,Role-Playing,PSV,PlayStation,2018-06-14,2018,0.01,0,0.0905043628874845,0,0.4400000000000002
Record Of Grancrest War,Action-Adventure,PS4,PlayStation,2018-06-14,2018,0.03,0,0.29767325536062905,0,0.4400000000000002
Lego The Incredibles,Action,NS,Nintendo,2018-06-15,2018,0.63,1,0.7025618070411913,1,0.4400000000000002
Lego The Incredibles,Action,PS4,PlayStation,2018-06-15,2018,0.53,1,0.8501481233902471,1,0.4400000000000002
Lego The Incredibles,Action,XONE,Xbox,2018-06-15,2018,0.32,1,0.8539176741069433,1,0.4400000000000002
Musynx,Music,NS,Nintendo,2018-06-19,2018,0.01,0,0.1456163195355276,0,0.4400000000000002
Steamworld Dig 2,Platform,NS,Nintendo,2018-06-19,2018,0.01,0,0.09467999707043405,0,0.4400000000000002
Steamworld Dig 2,Platform,PS4,PlayStation,2018-06-19,2018,0.02,0,0.14673441875022603,0,0.4400000000000002
The Lost Child,Role-Playing,NS,Nintendo,2018-06-19,2018,0.03,0,0.2328896322617943,0,0.4400000000000002
The Lost Child,Action,PS4,PlayStation,2018-06-19,2018,0.03,0,0.1968934871803396,0,0.4400000000000002
Yoku'S Island Express,Action,NS,Nintendo,2018-06-19,2018,0.01,0,0.17673159255284954,0,0.4400000000000002
Yoku'S Island Express,Action,PS4,PlayStation,2018-06-19,2018,0.01,0,0.1045879232866285,0,0.4400000000000002
Yoku'S Island Express,Action,XONE,Xbox,2018-06-19,2018,0.02,0,0.10529448742192718,0,0.4400000000000002
New Gundam Breaker,Action,PS4,PlayStation,2018-06-22,2018,0.13,0,0.21914815617829556,0,0.4400000000000002
The Sims 4 Seasons,Simulation,PC,PC,2018-06-22,2018,0.05,0,0.5397310309177527,1,0.4400000000000002
The Mahjong,Puzzle,NS,Nintendo,2018-06-23,2018,0.0,0,0.20848781223766213,0,0.4400000000000002
Kurenai No Homura: Sanada Ninpou Chou,Adventure,PSV,PlayStation,2018-06-26,2018,0.01,0,0.15498394500128346,0,0.4400000000000002
Sudden Strike 4,Strategy,XONE,Xbox,2018-06-26,2018,0.02,0,0.4468024349391101,1,0.4400000000000002
Ys Viii: Lacrimosa Of Dana,Role-Playing,NS,Nintendo,2018-06-26,2018,0.11,0,0.23242102147739885,0,0.4400000000000002
Dynamic Chord Feat. Apple-Polisher: V Edition,Adventure,PSV,PlayStation,2018-06-28,2018,0.01,0,0.061533605861499224,0,0.4400000000000002
Island,Adventure,PS4,PlayStation,2018-06-28,2018,0.0,0,0.24316868184131965,0,0.4400000000000002
Pro Cycling Manager 2018,Simulation,PC,PC,2018-06-28,2018,0.0,0,0.20588728138974294,0,0.4400000000000002
Tonari Ni Kanojo No Iru Shiawase: Winter Guest,Adventure,PS4,PlayStation,2018-06-28,2018,0.0,0,0.1707738397646763,0,0.4400000000000002
Tour De France 2018,Simulation,PS4,PlayStation,2018-06-28,2018,0.02,0,0.37191346726157604,0,0.4400000000000002
Crash Bandicoot N. Sane Trilogy,Platform,NS,Nintendo,2018-06-29,2018,1.11,1,0.571002538463139,1,0.4400000000000002
Crash Bandicoot N. Sane Trilogy,Platform,PC,PC,2018-06-29,2018,0.0,0,0.34572327390930874,0,0.4400000000000002
Crash Bandicoot N. Sane Trilogy,Platform,XONE,Xbox,2018-06-29,2018,0.65,1,0.7272897526198154,1,0.4400000000000002
The Crew 2,Racing,PS4,PlayStation,2018-06-29,2018,0.82,1,0.4513373465855445,1,0.4400000000000002
The Crew 2,Racing,XONE,Xbox,2018-06-29,2018,0.33,1,0.5478470724252735,1,0.4400000000000002
Wolfenstein Ii: The New Colossus,Shooter,NS,Nintendo,2018-06-29,2018,0.11,0,0.5127991221616928,1,0.4400000000000002
Jurassic World Evolution,Simulation,PS4,PlayStation,2018-07-03,2018,0.47,1,0.659892179118536,1,0.4400000000000002
Jurassic World Evolution,Simulation,XONE,Xbox,2018-07-03,2018,0.26,1,0.7019758687869516,1,0.4400000000000002
Red Faction: Guerrilla Re-Mars-Tered,Shooter,PS4,PlayStation,2018-07-03,2018,0.09,0,0.1653327135435577,0,0.4400000000000002
Red Faction: Guerrilla Re-Mars-Tered,Shooter,XONE,Xbox,2018-07-03,2018,0.05,0,0.12076109665033076,0,0.4400000000000002
Far Cry 3: Classic Edition,Action-Adventure,PS4,PlayStation,2018-07-05,2018,0.01,0,0.7198637006614454,1,0.4400000000000002
Seven Days: Anata To Sugosu Nanokakan,Visual Novel,PSV,PlayStation,2018-07-05,2018,0.0,0,0.23026209653627905,0,0.4400000000000002
Zanki Zero: Last Beginning,Role-Playing,PSV,PlayStation,2018-07-05,2018,0.02,0,0.11001611527437327,0,0.4400000000000002
Hotel Transylvania 3: Monsters Overboard,Action-Adventure,NS,Nintendo,2018-07-10,2018,0.01,0,0.10456787783715364,0,0.4400000000000002
Hotel Transylvania 3: Monsters Overboard,Action-Adventure,PS4,PlayStation,2018-07-10,2018,0.04,0,0.13749219706451973,0,0.4400000000000002
Hotel Transylvania 3: Monsters Overboard,Action-Adventure,XONE,Xbox,2018-07-10,2018,0.04,0,0.14323619782736083,0,0.4400000000000002
Hunting Simulator,Shooter,NS,Nintendo,2018-07-10,2018,0.02,0,0.09694666051673206,0,0.4400000000000002
Mxgp Pro,Racing,PS4,PlayStation,2018-07-10,2018,0.05,0,0.1448778526445867,0,0.4400000000000002
Mxgp Pro,Racing,XONE,Xbox,2018-07-10,2018,0.03,0,0.1411593597842091,0,0.4400000000000002
Shining Resonance Refrain,Role-Playing,NS,Nintendo,2018-07-10,2018,0.09,0,0.4323670538161115,0,0.4400000000000002
Shining Resonance Refrain,Role-Playing,PS4,PlayStation,2018-07-10,2018,0.08,0,0.48402933370243495,1,0.4400000000000002
Shining Resonance Refrain,Role-Playing,XONE,Xbox,2018-07-10,2018,0.03,0,0.47040298135220354,1,0.4400000000000002
Tennis World Tour,Sports,NS,Nintendo,2018-07-10,2018,0.02,0,0.08465619336964235,0,0.4400000000000002
Mary Skelter: Nightmares 2,Role-Playing,PS4,PlayStation,2018-07-12,2018,0.03,0,0.17145476581586805,0,0.4400000000000002
Captain Toad: Treasure Tracker,Puzzle,3DS,Nintendo,2018-07-13,2018,0.19,1,0.7145860398643741,1,0.4400000000000002
Earthfall,Action-Adventure,PS4,PlayStation,2018-07-13,2018,0.04,0,0.4976993586875639,1,0.4400000000000002
Earthfall,Action-Adventure,XONE,Xbox,2018-07-13,2018,0.03,0,0.3789854946539471,0,0.4400000000000002
Adventure Time: Pirates Of The Enchiridion,Adventure,NS,Nintendo,2018-07-17,2018,0.03,0,0.2225230289408432,0,0.4400000000000002
Adventure Time: Pirates Of The Enchiridion,Adventure,PS4,PlayStation,2018-07-17,2018,0.02,0,0.22571393661839617,0,0.4400000000000002
Adventure Time: Pirates Of The Enchiridion,Adventure,XONE,Xbox,2018-07-17,2018,0.04,0,0.23771776670843645,0,0.4400000000000002
Touhou Genso Wanderer Reloaded,Role-Playing,NS,Nintendo,2018-07-17,2018,0.02,0,0.23462755599008311,0,0.4400000000000002
Touhou Genso Wanderer Reloaded,Role-Playing,PS4,PlayStation,2018-07-17,2018,0.02,0,0.29858628615997307,0,0.4400000000000002
Closed Nightmare,Misc,NS,Nintendo,2018-07-19,2018,0.0,0,0.10363007198964035,0,0.4400000000000002
Closed Nightmare,Misc,PS4,PlayStation,2018-07-19,2018,0.01,0,0.16809286604271878,0,0.4400000000000002
Mega Man X Legacy Collection 1+2,Platform,NS,Nintendo,2018-07-24,2018,0.03,0,0.41601026985613115,0,0.4400000000000002
Mega Man X Legacy Collection 1+2,Platform,PS4,PlayStation,2018-07-24,2018,0.14,0,0.2904529402974663,0,0.4400000000000002
Mega Man X Legacy Collection 1+2,Platform,XONE,Xbox,2018-07-24,2018,0.04,0,0.26843858648389296,0,0.4400000000000002
No Man'S Sky,Action-Adventure,XONE,Xbox,2018-07-24,2018,0.23,0,0.513107431759422,1,0.4400000000000002
The Persistence,Action-Adventure,PS4,PlayStation,2018-07-24,2018,0.04,0,0.5200614223080277,1,0.4400000000000002
Train Sim World,Simulation,PS4,PlayStation,2018-07-24,2018,0.09,0,0.23844834929904588,0,0.4400000000000002
Train Sim World,Simulation,XONE,Xbox,2018-07-24,2018,0.03,0,0.2553044077363294,0,0.4400000000000002
Collar X Malice: Unlimited,Visual Novel,PSV,PlayStation,2018-07-26,2018,0.02,1,0.27351944812837714,0,0.4400000000000002
Daitoshokan No Hitsujikai: Library Party,Visual Novel,NS,Nintendo,2018-07-26,2018,0.0,0,0.3030105884626442,0,0.4400000000000002
Higurashi No Naku Koro Ni Hou,Visual Novel,NS,Nintendo,2018-07-26,2018,0.02,1,0.270147661749131,0,0.4400000000000002
Maitetsu: Pure Station,Visual Novel,PS4,PlayStation,2018-07-26,2018,0.01,0,0.3744903108962421,0,0.4400000000000002
Mega Man X Legacy Collection 1,Platform,NS,Nintendo,2018-07-26,2018,0.01,0,0.4191002070544535,0,0.4400000000000002
Mega Man X Legacy Collection 1,Platform,PS4,PlayStation,2018-07-26,2018,0.01,0,0.6001326844423698,1,0.4400000000000002
Mega Man X Legacy Collection 2,Platform,NS,Nintendo,2018-07-26,2018,0.01,0,0.41913153445455986,0,0.4400000000000002
Mega Man X Legacy Collection 2,Platform,PS4,PlayStation,2018-07-26,2018,0.01,0,0.6001269065861158,1,0.4400000000000002
Go Vacation,Misc,NS,Nintendo,2018-07-27,2018,0.37,1,0.5684845058351291,1,0.4400000000000002
Hello Neighbor,Action,NS,Nintendo,2018-07-27,2018,0.24,1,0.37181481821695844,0,0.4400000000000002
Hello Neighbor,Action,PS4,PlayStation,2018-07-27,2018,0.35,1,0.5254484961984051,1,0.4400000000000002
Tempest 4000,Shooter,PS4,PlayStation,2018-07-27,2018,0.01,0,0.2286677792758824,0,0.4400000000000002
Tempest 4000,Shooter,XONE,Xbox,2018-07-27,2018,0.01,0,0.1650086228623424,0,0.4400000000000002
The Banner Saga Trilogy - Bonus Edition,Strategy,PS4,PlayStation,2018-07-27,2018,0.07,1,0.4479512126718545,1,0.4400000000000002
The Banner Saga Trilogy - Bonus Edition,Strategy,XONE,Xbox,2018-07-27,2018,0.05,0,0.5035486134571346,1,0.4400000000000002
Code Of  Princess Ex,Action,NS,Nintendo,2018-07-31,2018,0.03,0,0.12895190374807677,0,0.4400000000000002
Titan Quest,Action,NS,Nintendo,2018-07-31,2018,0.01,0,0.08569831648110096,0,0.4400000000000002
Border Break,Action-Adventure,PS4,PlayStation,2018-08-02,2018,0.02,0,0.5006439552813237,1,0.4400000000000002
Grisaia Phantom Trigger 03 & 04,Visual Novel,PSV,PlayStation,2018-08-02,2018,0.01,0,0.22219292664678858,0,0.4400000000000002
Pro Yakyuu Famista Evolution,Sports,NS,Nintendo,2018-08-02,2018,0.12,0,0.11896137226439335,0,0.4400000000000002
Warioware Gold,Misc,3DS,Nintendo,2018-08-03,2018,0.28,1,0.64591094769733,1,0.4400000000000002
Overcooked! 2,Simulation,NS,Nintendo,2018-08-07,2018,0.29,1,0.4047121291108535,0,0.4400000000000002
Overcooked! 2,Simulation,PS4,PlayStation,2018-08-07,2018,0.16,1,0.5536560103242603,1,0.4400000000000002
Overcooked! 2,Simulation,XONE,Xbox,2018-08-07,2018,0.08,0,0.5549353888322717,1,0.4400000000000002
Bullet Girls: Phantasia,Action,PS4,PlayStation,2018-08-09,2018,0.02,0,0.11477072975055647,0,0.4400000000000002
Bullet Girls: Phantasia,Action,PSV,PlayStation,2018-08-09,2018,0.01,0,0.10207784312309263,0,0.4400000000000002
Charademaniacs,Action,PSV,PlayStation,2018-08-09,2018,0.01,0,0.06442353677269491,0,0.4400000000000002
Jake Hunter Detective Story: Prism Of Eyes,Adventure,NS,Nintendo,2018-08-09,2018,0.01,0,0.19470726320411091,0,0.4400000000000002
Jake Hunter Detective Story: Prism Of Eyes,Adventure,PS4,PlayStation,2018-08-09,2018,0.01,0,0.22384900294872256,0,0.4400000000000002
Okami Hd,Action,NS,Nintendo,2018-08-09,2018,0.04,0,0.39470909921265646,0,0.4400000000000002
Yakuza 3,Action-Adventure,PS4,PlayStation,2018-08-09,2018,0.05,0,0.49882511611477426,1,0.4400000000000002
Madden Nfl 19,Sports,PS4,PlayStation,2018-08-10,2018,2.21,1,0.74811568343633,1,0.4400000000000002
Madden Nfl 19,Sports,XONE,Xbox,2018-08-10,2018,1.51,1,0.7761741857458747,1,0.4400000000000002
We Happy Few,Action-Adventure,PS4,PlayStation,2018-08-10,2018,0.14,0,0.4506144947964932,1,0.4400000000000002
We Happy Few,Action-Adventure,XONE,Xbox,2018-08-10,2018,0.09,0,0.3676969442370875,0,0.4400000000000002
"Warhammer 40,000: Deathwatch",Action,PS4,PlayStation,2018-08-14,2018,0.02,0,0.22365449109650407,0,0.4400000000000002
Dead Cells,Action,NS,Nintendo,2018-08-15,2018,0.11,0,0.09586884076750393,0,0.4400000000000002
Dead Cells,Action,PS4,PlayStation,2018-08-15,2018,0.05,0,0.11801012422340248,0,0.4400000000000002
All-Star Fruit Racing,Racing,NS,Nintendo,2018-08-21,2018,0.01,0,0.27786304334667683,0,0.4400000000000002
All-Star Fruit Racing,Racing,PS4,PlayStation,2018-08-21,2018,0.03,0,0.3260554232312785,0,0.4400000000000002
Shenmue I & Ii,Action-Adventure,PS4,PlayStation,2018-08-21,2018,0.27,0,0.4991618991594427,1,0.4400000000000002
Shenmue I & Ii,Action-Adventure,XONE,Xbox,2018-08-21,2018,0.07,0,0.5088410481349382,1,0.4400000000000002
Boku To Nurse No Kenshuu Nisshi,Visual Novel,PS4,PlayStation,2018-08-23,2018,0.0,0,0.3616188479841642,0,0.4400000000000002
Floral Flowlove,Visual Novel,PSV,PlayStation,2018-08-23,2018,0.0,0,0.19615884244777732,0,0.4400000000000002
Killer And Strawberry,Visual Novel,PSV,PlayStation,2018-08-23,2018,0.01,0,0.24773968090585985,0,0.4400000000000002
Saiaku Naru Saiyaku Ningen Ni Sasagu,Visual Novel,PS4,PlayStation,2018-08-23,2018,0.01,0,0.4226761242509496,0,0.4400000000000002
F1 2018,Racing,PC,PC,2018-08-24,2018,0.01,0,0.21435792317214836,0,0.4400000000000002
F1 2018,Racing,PS4,PlayStation,2018-08-24,2018,0.53,1,0.6970611675731093,1,0.4400000000000002
F1 2018,Racing,XONE,Xbox,2018-08-24,2018,0.17,1,0.6994226447694043,1,0.4400000000000002
Little Dragons Café,Simulation,NS,Nintendo,2018-08-24,2018,0.13,1,0.24580432275837202,0,0.4400000000000002
Little Dragons Café,Simulation,PS4,PlayStation,2018-08-24,2018,0.05,0,0.500792185611302,1,0.4400000000000002
Mothergunship,Shooter,PS4,PlayStation,2018-08-24,2018,0.01,0,0.3469436425247304,0,0.4400000000000002
Mothergunship,Shooter,XONE,Xbox,2018-08-24,2018,0.01,0,0.27245102165093293,0,0.4400000000000002
Apex Construct,Action,PS4,PlayStation,2018-08-28,2018,0.05,0,0.14864554189064,0,0.4400000000000002
Blade Strangers,Fighting,NS,Nintendo,2018-08-28,2018,0.04,0,0.13583747991834683,0,0.4400000000000002
Blade Strangers,Fighting,PS4,PlayStation,2018-08-28,2018,0.02,0,0.18070256346245017,0,0.4400000000000002
Bridge Constructor Portal,Simulation,PS4,PlayStation,2018-08-28,2018,0.03,0,0.23394986457696168,0,0.4400000000000002
Bridge Constructor Portal,Puzzle,XONE,Xbox,2018-08-28,2018,0.02,0,0.2771073846355629,0,0.4400000000000002
De Blob 2,Platform,NS,Nintendo,2018-08-28,2018,0.03,0,0.1000685625580768,0,0.4400000000000002
Fire Pro Wrestling World,Fighting,PS4,PlayStation,2018-08-28,2018,0.12,0,0.3194199194100994,0,0.4400000000000002
Monster Hunter Generations Ultimate,Action,NS,Nintendo,2018-08-28,2018,0.72,1,0.3983686950883981,0,0.4400000000000002
Pro Evolution Soccer 2019,Sports,PS4,PlayStation,2018-08-28,2018,0.5,0,0.3733593282097181,0,0.4400000000000002
Pro Evolution Soccer 2019,Sports,XONE,Xbox,2018-08-28,2018,0.05,0,0.3849068998981675,0,0.4400000000000002
Strange Brigade,Shooter,PS4,PlayStation,2018-08-28,2018,0.09,0,0.30230448279655764,0,0.4400000000000002
Strange Brigade,Shooter,XONE,Xbox,2018-08-28,2018,0.05,0,0.27744864223785,0,0.4400000000000002
Victor Vran: Overkill Edition,Role-Playing,NS,Nintendo,2018-08-28,2018,0.06,0,0.11644173963732214,0,0.4400000000000002
"Warhammer 40,000: Inquisitor - Martyr",Action,PS4,PlayStation,2018-08-28,2018,0.02,0,0.16234476954750965,0,0.4400000000000002
"Warhammer 40,000: Inquisitor - Martyr",Action,XONE,Xbox,2018-08-28,2018,0.02,0,0.12171680945099993,0,0.4400000000000002
Yakuza: Kiwami 2,Action,PS4,PlayStation,2018-08-28,2018,0.37,1,0.5411998666304486,1,0.4400000000000002
Firewall: Zero Hour,Shooter,PS4,PlayStation,2018-08-29,2018,0.37,0,0.5021291634324826,1,0.4400000000000002
Pioneer No Banshou,Visual Novel,PSV,PlayStation,2018-08-30,2018,0.02,1,0.26295089742412003,0,0.4400000000000002
Divinity: Original Sin Ii,Role-Playing,PS4,PlayStation,2018-08-31,2018,0.13,0,0.19979820233849668,0,0.4400000000000002
Divinity: Original Sin Ii,Role-Playing,XONE,Xbox,2018-08-31,2018,0.03,0,0.21928933566580822,0,0.4400000000000002
428: Shibuya Scramble,Visual Novel,PS4,PlayStation,2018-09-04,2018,0.02,1,0.4616063589644803,1,0.4400000000000002
Destiny 2: Forsaken,Shooter,PC,PC,2018-09-04,2018,0.02,0,0.4069559223903971,0,0.4400000000000002
Destiny 2: Forsaken,Shooter,PS4,PlayStation,2018-09-04,2018,0.36,0,0.7215467830121768,1,0.4400000000000002
Destiny 2: Forsaken,Shooter,XONE,Xbox,2018-09-04,2018,0.13,0,0.7243354500344626,1,0.4400000000000002
Dragon Quest Xi: Echoes Of An Elusive Age,Role-Playing,PS4,PlayStation,2018-09-04,2018,2.04,1,0.7793698127176037,1,0.4400000000000002
God Wars The Complete Legend,Strategy,NS,Nintendo,2018-09-04,2018,0.03,0,0.35272224862540325,0,0.4400000000000002
Operation Warcade,Shooter,PS4,PlayStation,2018-09-04,2018,0.04,0,0.14120855457915607,0,0.4400000000000002
Shadows Awakening,Role-Playing,PS4,PlayStation,2018-09-04,2018,0.06,0,0.22249454194435905,0,0.4400000000000002
Shadows Awakening,Role-Playing,XONE,Xbox,2018-09-04,2018,0.04,0,0.23323028376970542,0,0.4400000000000002
Slime Rancher,Simulation,PS4,PlayStation,2018-09-04,2018,0.1,0,0.35149495321259566,0,0.4400000000000002
Slime Rancher,Simulation,XONE,Xbox,2018-09-04,2018,0.1,0,0.2568918750457436,0,0.4400000000000002
The Long Dark,Simulation,PS4,PlayStation,2018-09-04,2018,0.05,0,0.2934082950397311,0,0.4400000000000002
The Long Dark,Simulation,XONE,Xbox,2018-09-04,2018,0.05,0,0.23407113999320373,0,0.4400000000000002
Zone Of The Enders: The 2Nd Runner Mars,Simulation,PS4,PlayStation,2018-09-04,2018,0.1,0,0.5179116721839881,1,0.4400000000000002
Hakuoki: Shinkai - Fuukaden,Visual Novel,NS,Nintendo,2018-09-06,2018,0.0,0,0.31028794921080627,0,0.4400000000000002
Immortal Unchained,Role-Playing,PS4,PlayStation,2018-09-07,2018,0.04,0,0.4953278723551547,1,0.4400000000000002
Immortal Unchained,Role-Playing,XONE,Xbox,2018-09-07,2018,0.03,0,0.38614941189052604,0,0.4400000000000002
Nascar Heat 3,Racing,PS4,PlayStation,2018-09-07,2018,0.13,0,0.4038610782018375,0,0.4400000000000002
Nascar Heat 3,Racing,XONE,Xbox,2018-09-07,2018,0.1,0,0.3627767183649085,0,0.4400000000000002
Nba Live 19,Sports,PS4,PlayStation,2018-09-07,2018,0.19,0,0.7379197089674875,1,0.4400000000000002
Nba Live 19,Sports,XONE,Xbox,2018-09-07,2018,0.15,0,0.7483031022850721,1,0.4400000000000002
Snk Heroines Tag Team Frenzy,Fighting,NS,Nintendo,2018-09-07,2018,0.05,0,0.2653937499756014,0,0.4400000000000002
Snk Heroines Tag Team Frenzy,Fighting,PS4,PlayStation,2018-09-07,2018,0.02,0,0.2683896226325143,0,0.4400000000000002
Mercenaries Saga Chronicles,Strategy,NS,Nintendo,2018-09-11,2018,0.01,0,0.21149534255754274,0,0.4400000000000002
Nba 2K19,Sports,NS,Nintendo,2018-09-11,2018,0.3,0,0.5203986265576049,1,0.4400000000000002
Nba 2K19,Sports,PS4,PlayStation,2018-09-11,2018,2.63,1,0.7358018893730022,1,0.4400000000000002
Nba 2K19,Sports,XONE,Xbox,2018-09-11,2018,1.74,1,0.7353680875625844,1,0.4400000000000002
V-Rally 4,Racing,PS4,PlayStation,2018-09-11,2018,0.01,0,0.2999157343262246,0,0.4400000000000002
V-Rally 4,Racing,XONE,Xbox,2018-09-11,2018,0.01,0,0.2680097491767913,0,0.4400000000000002
Ng,Adventure,PSV,PlayStation,2018-09-13,2018,0.01,0,0.1058044123170535,0,0.4400000000000002
Black Clover: Quartet Knights,Shooter,PS4,PlayStation,2018-09-14,2018,0.04,0,0.15007376550334509,0,0.4400000000000002
Nhl 19,Sports,PS4,PlayStation,2018-09-14,2018,0.43,0,0.735136132278074,1,0.4400000000000002
Nhl 19,Sports,XONE,Xbox,2018-09-14,2018,0.29,0,0.7436600166910994,1,0.4400000000000002
Nintendo Labo: Toy-Con 03 Vehicle Kit,Racing,NS,Nintendo,2018-09-14,2018,0.41,1,0.524838348327779,1,0.4400000000000002
Shadow Of The Tomb Raider,Action-Adventure,PS4,PlayStation,2018-09-14,2018,1.74,1,0.8079376591260252,1,0.4400000000000002
Shadow Of The Tomb Raider,Action-Adventure,XONE,Xbox,2018-09-14,2018,0.78,1,0.8128763152090901,1,0.4400000000000002
Capcom Beat 'Em Up Bundle,Fighting,NS,Nintendo,2018-09-18,2018,0.01,0,0.4515854321753829,1,0.4400000000000002
Capcom Beat 'Em Up Bundle,Fighting,PS4,PlayStation,2018-09-18,2018,0.01,0,0.629356473833371,1,0.4400000000000002
Fishing Sim World,Simulation,PS4,PlayStation,2018-09-18,2018,0.05,0,0.16376130055402424,0,0.4400000000000002
Fishing Sim World,Simulation,XONE,Xbox,2018-09-18,2018,0.05,0,0.1822029565766468,0,0.4400000000000002
Labyrinth Of Refrain: Coven Of Dusk,Role-Playing,NS,Nintendo,2018-09-18,2018,0.02,0,0.2705788763442371,0,0.4400000000000002
Labyrinth Of Refrain: Coven Of Dusk,Action,PS4,PlayStation,2018-09-18,2018,0.03,0,0.22005548403721376,0,0.4400000000000002
Legendary Fishing,Sports,NS,Nintendo,2018-09-18,2018,0.01,0,0.36979041950917946,0,0.4400000000000002
Legendary Fishing,Sports,PS4,PlayStation,2018-09-18,2018,0.03,0,0.5525073882774747,1,0.4400000000000002
Scribblenauts Mega Pack,Adventure,NS,Nintendo,2018-09-18,2018,0.05,1,0.6843318983484968,1,0.4400000000000002
Scribblenauts Mega Pack,Adventure,PS4,PlayStation,2018-09-18,2018,0.04,0,0.7711431405962006,1,0.4400000000000002
Scribblenauts Mega Pack,Adventure,XONE,Xbox,2018-09-18,2018,0.04,0,0.7607182955082921,1,0.4400000000000002
Undertale,Role-Playing,NS,Nintendo,2018-09-18,2018,0.02,0,0.22703691702950546,0,0.4400000000000002
Atelier: The Alchemist Of Arland 1-2-3 Dx,Role-Playing,NS,Nintendo,2018-09-20,2018,0.01,0,0.2245135472945224,0,0.4400000000000002
Atelier: The Alchemist Of Arland 1-2-3 Dx,Role-Playing,PS4,PlayStation,2018-09-20,2018,0.01,0,0.24358911708727096,0,0.4400000000000002
La Corda D'Oro 3,Visual Novel,PSV,PlayStation,2018-09-20,2018,0.01,0,0.23661663014994097,0,0.4400000000000002
Nil Admirari No Tenbin: Irodori Nadeshiko,Visual Novel,NS,Nintendo,2018-09-20,2018,0.01,0,0.30366050640998127,0,0.4400000000000002
Steins;Gate Elite,Visual Novel,PSV,PlayStation,2018-09-20,2018,0.01,0,0.31251339261886435,0,0.4400000000000002
8-Bit Armies,Strategy,PS4,PlayStation,2018-09-21,2018,0.03,0,0.24327838881487002,0,0.4400000000000002
8-Bit Armies,Strategy,XONE,Xbox,2018-09-21,2018,0.03,0,0.2518582990888411,0,0.4400000000000002
Banner Saga Trilogy,Role-Playing,NS,Nintendo,2018-09-21,2018,0.01,0,0.4891581234450007,1,0.4400000000000002
Xenoblade Chronicles 2: Torna ~ The Golden Country,Role-Playing,NS,Nintendo,2018-09-21,2018,0.16,0,0.5781383991996144,1,0.4400000000000002
Creed: Rise To Glory,Sports,PS4,PlayStation,2018-09-25,2018,0.19,0,0.510855731522909,1,0.4400000000000002
Dakar 18,Racing,PS4,PlayStation,2018-09-25,2018,0.05,0,0.37769796202851,0,0.4400000000000002
Dakar 18,Racing,XONE,Xbox,2018-09-25,2018,0.02,0,0.28456854030451284,0,0.4400000000000002
Giana Sisters: Twisted Dreams,Platform,NS,Nintendo,2018-09-25,2018,0.01,0,0.10730653063437291,0,0.4400000000000002
Metal Max Xeno,Role-Playing,PS4,PlayStation,2018-09-25,2018,0.05,0,0.3485077479648059,0,0.4400000000000002
This Is The Police 2,Strategy,NS,Nintendo,2018-09-25,2018,0.01,0,0.2135375094542041,0,0.4400000000000002
This Is The Police 2,Strategy,PS4,PlayStation,2018-09-25,2018,0.02,0,0.27475194658601476,0,0.4400000000000002
This Is The Police 2,Strategy,XONE,Xbox,2018-09-25,2018,0.02,0,0.28282016921819453,0,0.4400000000000002
Valkyria Chronicles 4,Strategy,NS,Nintendo,2018-09-25,2018,0.19,1,0.6233158373829638,1,0.4400000000000002
Valkyria Chronicles 4,Role-Playing,PS4,PlayStation,2018-09-25,2018,0.25,1,0.6524209298089776,1,0.4400000000000002
Valkyria Chronicles 4,Role-Playing,XONE,Xbox,2018-09-25,2018,0.04,0,0.66311484474243,1,0.4400000000000002
Koshotengai No Hashihime Noma,Visual Novel,PSV,PlayStation,2018-09-27,2018,0.01,0,0.1928083840216604,0,0.4400000000000002
Sanzen Sekai Yuugi: Re Multi Universe Myself,Visual Novel,PSV,PlayStation,2018-09-27,2018,0.0,0,0.1979804774291667,0,0.4400000000000002
Utawarerumono Zan,Action,PS4,PlayStation,2018-09-27,2018,0.03,0,0.13994075354433466,0,0.4400000000000002
Atari Flashback Classics: Volume 3,Misc,PS4,PlayStation,2018-09-28,2018,0.06,0,0.13347980240861962,0,0.4400000000000002
Atari Flashback Classics: Volume 3,Misc,XONE,Xbox,2018-09-28,2018,0.05,0,0.14387805687289965,0,0.4400000000000002
Fifa 19,Sports,NS,Nintendo,2018-09-28,2018,0.75,1,0.4962182898133367,1,0.4400000000000002
Fifa 19,Sports,PS3,PlayStation,2018-09-28,2018,0.04,0,0.7559129396612624,1,0.4400000000000002
Fifa 19,Sports,PS4,PlayStation,2018-09-28,2018,9.15,1,0.7194958946711303,1,0.4400000000000002
Fifa 19,Sports,X360,Xbox,2018-09-28,2018,0.06,0,0.7870675365818744,1,0.4400000000000002
Fifa 19,Sports,XONE,Xbox,2018-09-28,2018,2.22,1,0.7666243722743842,1,0.4400000000000002
Jake Hunter Detective Story: Ghost Of The Dusk,Adventure,3DS,Nintendo,2018-09-28,2018,0.05,1,0.2981508941958586,0,0.4400000000000002
Namco Museum Arcade Pac,Misc,NS,Nintendo,2018-09-28,2018,0.11,1,0.20649447378866462,0,0.4400000000000002
Valthirian Arc: Hero School Story,Role-Playing,PS4,PlayStation,2018-09-28,2018,0.02,0,0.4256485511673063,0,0.4400000000000002
Astro Bot Rescue Mission,Platform,PS4,PlayStation,2018-10-02,2018,0.71,1,0.6560677258679173,1,0.4400000000000002
Fist Of The North Star: Lost Paradise,Action,PS4,PlayStation,2018-10-02,2018,0.36,1,0.5488276647467168,1,0.4400000000000002
Forza Horizon 4,Racing,XONE,Xbox,2018-10-02,2018,1.84,1,0.8850375309588149,1,0.4400000000000002
Mega Man 11,Platform,NS,Nintendo,2018-10-02,2018,0.36,1,0.420085305410569,0,0.4400000000000002
Mega Man 11,Platform,PS4,PlayStation,2018-10-02,2018,0.17,0,0.6025787807804854,1,0.4400000000000002
Mega Man 11,Platform,XONE,Xbox,2018-10-02,2018,0.06,0,0.6098401731186511,1,0.4400000000000002
Sumikko Gurashi Atsumare Sumikko Town,Misc,NS,Nintendo,2018-10-04,2018,0.03,0,0.36421977589629617,0,0.4400000000000002
Wand Of Fortune R2 Fd: Kimi Ni Sasageru Epilogue,Adventure,PSV,PlayStation,2018-10-04,2018,0.01,0,0.15176162688026523,0,0.4400000000000002
Workxwork,Role-Playing,NS,Nintendo,2018-10-04,2018,0.01,0,0.14608271834642345,0,0.4400000000000002
Assassin'S Creed Odyssey,Action-Adventure,PC,PC,2018-10-05,2018,0.06,0,0.415471079143186,0,0.4400000000000002
Assassin'S Creed Odyssey,Action-Adventure,PS4,PlayStation,2018-10-05,2018,3.18,1,0.6761166811235284,1,0.4400000000000002
Assassin'S Creed Odyssey,Action-Adventure,XONE,Xbox,2018-10-05,2018,1.39,1,0.6953620289027392,1,0.4400000000000002
Air Missions: Hind,Simulation,PS4,PlayStation,2018-10-09,2018,0.03,0,0.21760733108353494,0,0.4400000000000002
Cat Quest,Adventure,NS,Nintendo,2018-10-09,2018,0.04,0,0.3959651605322773,0,0.4400000000000002
Disgaea 1 Complete,Role-Playing,NS,Nintendo,2018-10-09,2018,0.06,0,0.31228282685736464,0,0.4400000000000002
Disgaea 1 Complete,Role-Playing,PS4,PlayStation,2018-10-09,2018,0.07,0,0.36465378901594836,0,0.4400000000000002
Goosebumps: The Game,Adventure,NS,Nintendo,2018-10-09,2018,0.13,1,0.4247841552849647,0,0.4400000000000002
Punch Line,Adventure,PS4,PlayStation,2018-10-09,2018,0.04,0,0.46457366300185565,1,0.4400000000000002
Space Hulk Tactics,Strategy,PS4,PlayStation,2018-10-09,2018,0.02,0,0.44246764387189497,1,0.4400000000000002
Space Hulk Tactics,Strategy,XONE,Xbox,2018-10-09,2018,0.02,0,0.441671499453469,1,0.4400000000000002
Wwe 2K19,Fighting,PS4,PlayStation,2018-10-09,2018,0.98,1,0.7974275766131221,1,0.4400000000000002
Wwe 2K19,Fighting,XONE,Xbox,2018-10-09,2018,0.48,1,0.795828964785525,1,0.4400000000000002
Sengoku Hime 7: Sen'Un Tsuranuku Guren No Ishi,Visual Novel,PSV,PlayStation,2018-10-11,2018,0.01,0,0.17466429538107686,0,0.4400000000000002
Call Of Duty: Black Ops Iiii,Shooter,PC,PC,2018-10-12,2018,0.13,0,0.4449493203992756,1,0.4400000000000002
Call Of Duty: Black Ops Iiii,Shooter,PS4,PlayStation,2018-10-12,2018,9.32,1,0.7687818043269016,1,0.4400000000000002
Call Of Duty: Black Ops Iiii,Shooter,XONE,Xbox,2018-10-12,2018,4.85,1,0.7712319939665092,1,0.4400000000000002
Luigi'S Mansion,Adventure,3DS,Nintendo,2018-10-12,2018,0.47,1,0.7538488327493371,1,0.4400000000000002
The World Ends With You: Final Remix,Role-Playing,NS,Nintendo,2018-10-12,2018,0.27,1,0.6293064839143074,1,0.4400000000000002
Big Buck Hunter Arcade,Shooter,NS,Nintendo,2018-10-16,2018,0.01,0,0.1506480116902216,0,0.4400000000000002
Candle: The Power Of The Flame,Platform,NS,Nintendo,2018-10-16,2018,0.01,0,0.12099847333832187,0,0.4400000000000002
Crayola Scoot,Sports,NS,Nintendo,2018-10-16,2018,0.01,0,0.07635058526661792,0,0.4400000000000002
Crayola Scoot,Sports,PS4,PlayStation,2018-10-16,2018,0.02,0,0.09652613448270754,0,0.4400000000000002
Crayola Scoot,Sports,XONE,Xbox,2018-10-16,2018,0.02,0,0.10197304841681498,0,0.4400000000000002
Flipping Death,Adventure,NS,Nintendo,2018-10-16,2018,0.01,0,0.12323262209206971,0,0.4400000000000002
Flipping Death,Platform,PS4,PlayStation,2018-10-16,2018,0.02,0,0.13468839077316766,0,0.4400000000000002
Home Sweet Home (2017),Adventure,PS4,PlayStation,2018-10-16,2018,0.07,1,0.40971384747987427,0,0.4400000000000002
Lego Dc Super-Villains,Action-Adventure,NS,Nintendo,2018-10-16,2018,0.44,0,0.5832319187576035,1,0.4400000000000002
Lego Dc Super-Villains,Action-Adventure,PS4,PlayStation,2018-10-16,2018,0.46,1,0.8147755480490224,1,0.4400000000000002
Lego Dc Super-Villains,Action-Adventure,XONE,Xbox,2018-10-16,2018,0.3,0,0.8182681339310935,1,0.4400000000000002
Nba 2K Playgrounds 2,Sports,PS4,PlayStation,2018-10-16,2018,0.08,0,0.46888589797721436,1,0.4400000000000002
Nba 2K Playgrounds 2,Sports,XONE,Xbox,2018-10-16,2018,0.06,0,0.4620081295116486,1,0.4400000000000002
Rapala Fishing Pro Series,Simulation,NS,Nintendo,2018-10-16,2018,0.02,0,0.28383304244229446,0,0.4400000000000002
Starlink: Battle For Atlas,Action-Adventure,NS,Nintendo,2018-10-16,2018,0.57,1,0.5680556092366895,1,0.4400000000000002
Starlink: Battle For Atlas,Action-Adventure,PS4,PlayStation,2018-10-16,2018,0.1,0,0.6936965694311995,1,0.4400000000000002
Starlink: Battle For Atlas,Action-Adventure,XONE,Xbox,2018-10-16,2018,0.1,0,0.6879205132220383,1,0.4400000000000002
Warriors  Orochi 4,Action,PS4,PlayStation,2018-10-16,2018,0.22,1,0.24450333821979714,0,0.4400000000000002
Warriors  Orochi 4,Action,XONE,Xbox,2018-10-16,2018,0.04,0,0.3220354802877803,0,0.4400000000000002
Dark Souls Trilogy,Role-Playing,PS4,PlayStation,2018-10-19,2018,0.09,0,0.36127465704052714,0,0.4400000000000002
Dark Souls Trilogy,Action,XONE,Xbox,2018-10-19,2018,0.04,0,0.3985082899421759,0,0.4400000000000002
Soulcalibur Vi,Fighting,XONE,Xbox,2018-10-19,2018,0.3,1,0.5232513308428208,1,0.4400000000000002
Just Dance 2019,Music,NS,Nintendo,2018-10-23,2018,0.76,1,0.5729468694692675,1,0.4400000000000002
Just Dance 2019,Music,PS4,PlayStation,2018-10-23,2018,0.17,0,0.6967686151056152,1,0.4400000000000002
Just Dance 2019,Music,WII,Nintendo,2018-10-23,2018,0.24,1,0.6891269893146522,1,0.4400000000000002
Just Dance 2019,Music,WIIU,Nintendo,2018-10-23,2018,0.1,0,0.6884285310914054,1,0.4400000000000002
Just Dance 2019,Music,X360,Xbox,2018-10-23,2018,0.07,0,0.663011545611365,1,0.4400000000000002
Just Dance 2019,Music,XONE,Xbox,2018-10-23,2018,0.15,0,0.7016840332725043,1,0.4400000000000002
Nickelodeon Kart Racers,Racing,NS,Nintendo,2018-10-23,2018,0.13,0,0.23244397242935327,0,0.4400000000000002
Nickelodeon Kart Racers,Racing,PS4,PlayStation,2018-10-23,2018,0.09,0,0.23054838462068822,0,0.4400000000000002
Nickelodeon Kart Racers,Racing,XONE,Xbox,2018-10-23,2018,0.09,0,0.2308164330578591,0,0.4400000000000002
Paw Patrol On A Roll,Platform,NS,Nintendo,2018-10-23,2018,0.13,0,0.09525017077993826,0,0.4400000000000002
Paw Patrol On A Roll,Platform,PS4,PlayStation,2018-10-23,2018,0.07,0,0.154087402946822,0,0.4400000000000002
Paw Patrol On A Roll,Platform,XONE,Xbox,2018-10-23,2018,0.04,0,0.15839198198518661,0,0.4400000000000002
Spintires: Mudrunner - American Wilds,Racing,NS,Nintendo,2018-10-23,2018,0.06,0,0.17473185419561796,0,0.4400000000000002
Spintires: Mudrunner - American Wilds,Racing,PS4,PlayStation,2018-10-23,2018,0.08,0,0.3745272706589107,0,0.4400000000000002
Spintires: Mudrunner - American Wilds,Racing,XONE,Xbox,2018-10-23,2018,0.07,0,0.3559820278090593,0,0.4400000000000002
Beyblade Burst: Battle Zero,Role-Playing,NS,Nintendo,2018-10-25,2018,0.02,0,0.13142145995201604,0,0.4400000000000002
Cendrillon Palika,Visual Novel,NS,Nintendo,2018-10-25,2018,0.0,0,0.3160226989935499,0,0.4400000000000002
Memories Off: Innocent File,Visual Novel,NS,Nintendo,2018-10-25,2018,0.0,0,0.3082639152379094,0,0.4400000000000002
"Nora, Princess, And Stray Cat",Visual Novel,NS,Nintendo,2018-10-25,2018,0.0,0,0.22452617005568745,0,0.4400000000000002
"Nora, Princess, And Stray Cat",Visual Novel,PS4,PlayStation,2018-10-25,2018,0.0,0,0.3198719904792558,0,0.4400000000000002
Let'S Sing 2019,Music,NS,Nintendo,2018-10-26,2018,0.03,0,0.1532498789391848,0,0.4400000000000002
Let'S Sing 2019,Music,PS4,PlayStation,2018-10-26,2018,0.03,0,0.1546793160848357,0,0.4400000000000002
Let'S Sing 2019,Music,WII,Nintendo,2018-10-26,2018,0.01,0,0.12203658213094823,0,0.4400000000000002
My Hero One'S Justice,Fighting,NS,Nintendo,2018-10-26,2018,0.26,1,0.16683809679907508,0,0.4400000000000002
My Hero One'S Justice,Fighting,PS4,PlayStation,2018-10-26,2018,0.3,1,0.4746337688824801,1,0.4400000000000002
My Hero One'S Justice,Fighting,XONE,Xbox,2018-10-26,2018,0.14,0,0.4837481635877439,1,0.4400000000000002
Red Dead Redemption 2,Action-Adventure,PS4,PlayStation,2018-10-26,2018,13.94,1,0.6653173227011246,1,0.4400000000000002
Red Dead Redemption 2,Action-Adventure,XONE,Xbox,2018-10-26,2018,5.77,1,0.8336431046436361,1,0.4400000000000002
8 To Glory: The Official Game Of The Pbr,Sports,PS4,PlayStation,2018-10-30,2018,0.04,0,0.15120824367898475,0,0.4400000000000002
8 To Glory: The Official Game Of The Pbr,Sports,XONE,Xbox,2018-10-30,2018,0.02,0,0.11224177753845072,0,0.4400000000000002
Ark Park,Adventure,PS4,PlayStation,2018-10-30,2018,0.05,1,0.3518827347664796,0,0.4400000000000002
Call Of Cthulhu,Role-Playing,PS4,PlayStation,2018-10-30,2018,0.12,0,0.30598927626044764,0,0.4400000000000002
Call Of Cthulhu,Role-Playing,XONE,Xbox,2018-10-30,2018,0.05,0,0.3211445770747651,0,0.4400000000000002
Gal Metal!,Music,NS,Nintendo,2018-10-30,2018,0.02,0,0.27009937454115274,0,0.4400000000000002
Kingdom Hearts: The Story So Far,Role-Playing,PS4,PlayStation,2018-10-30,2018,0.2,1,0.8082844953779189,1,0.4400000000000002
Lego Harry Potter Collection,Action,NS,Nintendo,2018-10-30,2018,0.33,1,0.6060279850232905,1,0.4400000000000002
Lego Harry Potter Collection,Action,XONE,Xbox,2018-10-30,2018,0.22,1,0.8414865083606577,1,0.4400000000000002
Mutant Football League: Dynasty Edition,Sports,NS,Nintendo,2018-10-30,2018,0.09,0,0.08636828309202821,0,0.4400000000000002
Mutant Football League: Dynasty Edition,Sports,PS4,PlayStation,2018-10-30,2018,0.07,0,0.10262280246660666,0,0.4400000000000002
Mutant Football League: Dynasty Edition,Sports,XONE,Xbox,2018-10-30,2018,0.04,0,0.11004206231481317,0,0.4400000000000002
Sports Party,Sports,NS,Nintendo,2018-10-30,2018,0.17,0,0.41348486230246456,0,0.4400000000000002
The Escapists 2,Action,NS,Nintendo,2018-10-30,2018,0.05,0,0.28742333936883807,0,0.4400000000000002
Yomawari: The Long Night Collection,Action-Adventure,NS,Nintendo,2018-10-30,2018,0.05,0,0.17617493201100262,0,0.4400000000000002
Death Mark,Adventure,NS,Nintendo,2018-10-31,2018,0.03,0,0.30817653431930225,0,0.4400000000000002
Death Mark,Misc,PS4,PlayStation,2018-10-31,2018,0.03,0,0.30362495716927107,0,0.4400000000000002
Cats Together,Simulation,NS,Nintendo,2018-11-01,2018,0.02,0,0.3112703934232324,0,0.4400000000000002
Diablo Iii: Eternal Collection,Action,NS,Nintendo,2018-11-02,2018,0.67,1,0.6113907683178322,1,0.4400000000000002
Football Manager 2019,Simulation,PC,PC,2018-11-02,2018,0.11,1,0.5241343693842297,1,0.4400000000000002
Déraciné,Adventure,PS4,PlayStation,2018-11-06,2018,0.1,1,0.7745961681697369,1,0.4400000000000002
Grip: Combat Racing,Racing,NS,Nintendo,2018-11-06,2018,0.02,0,0.2204557055453948,0,0.4400000000000002
Grip: Combat Racing,Racing,PS4,PlayStation,2018-11-06,2018,0.01,0,0.1509198071450006,0,0.4400000000000002
Minecraft: Story Mode - Season Two,Adventure,NS,Nintendo,2018-11-06,2018,0.02,0,0.5983701318186553,1,0.4400000000000002
Monster Boy And The Cursed Kingdom,Action-Adventure,NS,Nintendo,2018-11-06,2018,0.04,0,0.17798553635414122,0,0.4400000000000002
Monster Boy And The Cursed Kingdom,Platform,PS4,PlayStation,2018-11-06,2018,0.03,0,0.157005074097862,0,0.4400000000000002
World Of Final Fantasy Maxima,Role-Playing,XONE,Xbox,2018-11-06,2018,0.03,0,0.7923266157000711,1,0.4400000000000002
Leisure Suit Larry: Wet Dreams Don'T Dry,Adventure,PC,PC,2018-11-07,2018,0.01,0,0.11839580275144584,0,0.4400000000000002
Bass Pro Shops: The Strike - Championship Edition,Simulation,NS,Nintendo,2018-11-09,2018,0.07,0,0.26896690483954155,0,0.4400000000000002
Cabela'S The Hunt: Championship Edition Bundle,Simulation,NS,Nintendo,2018-11-09,2018,0.07,0,0.18782544825724873,0,0.4400000000000002
Moonlighter,Role-Playing,PS4,PlayStation,2018-11-09,2018,0.01,0,0.2083050210725842,0,0.4400000000000002
Nba 2K Playgrounds 2,Sports,NS,Nintendo,2018-11-09,2018,0.14,0,0.375181562420942,0,0.4400000000000002
Tetris Effect,Puzzle,PS4,PlayStation,2018-11-09,2018,0.25,1,0.7383003542810889,1,0.4400000000000002
Golf Club 2019,Sports,PS4,PlayStation,2018-11-13,2018,0.06,0,0.4278286289076115,0,0.4400000000000002
Golf Club 2019,Sports,XONE,Xbox,2018-11-13,2018,0.05,0,0.4104082044971122,0,0.4400000000000002
Hitman 2,Action-Adventure,PS4,PlayStation,2018-11-13,2018,0.51,1,0.7720856103481293,1,0.4400000000000002
Hitman 2,Action-Adventure,XONE,Xbox,2018-11-13,2018,0.22,0,0.7857097897796684,1,0.4400000000000002
My Riding Stables: Life With Horses,Simulation,NS,Nintendo,2018-11-13,2018,0.05,0,0.27310949088754993,0,0.4400000000000002
My Riding Stables: Life With Horses,Simulation,PS4,PlayStation,2018-11-13,2018,0.04,0,0.19384114258779914,0,0.4400000000000002
Project Highrise: Architect'S Edition,Simulation,NS,Nintendo,2018-11-13,2018,0.02,0,0.23126362703516243,0,0.4400000000000002
Project Highrise: Architect'S Edition,Simulation,PS4,PlayStation,2018-11-13,2018,0.02,0,0.2734132049972315,0,0.4400000000000002
Project Highrise: Architect'S Edition,Simulation,XONE,Xbox,2018-11-13,2018,0.01,0,0.29321094566092076,0,0.4400000000000002
Snk 40Th Anniversary Collection,Misc,NS,Nintendo,2018-11-13,2018,0.03,0,0.2795484183638888,0,0.4400000000000002
Spyro Reignited Trilogy,Platform,PS4,PlayStation,2018-11-13,2018,2.17,1,0.7365574015882708,1,0.4400000000000002
Spyro Reignited Trilogy,Platform,XONE,Xbox,2018-11-13,2018,0.65,1,0.7498109871473233,1,0.4400000000000002
Fallout 76,Role-Playing,PC,PC,2018-11-14,2018,0.21,1,0.6506443375266749,1,0.4400000000000002
Fallout 76,Role-Playing,PS4,PlayStation,2018-11-14,2018,1.32,1,0.8825402379551541,1,0.4400000000000002
Fallout 76,Role-Playing,XONE,Xbox,2018-11-14,2018,0.93,1,0.889495165899282,1,0.4400000000000002
Shiro To Kuro No Alice: Twilight Line,Visual Novel,PSV,PlayStation,2018-11-15,2018,0.01,0,0.28640061387978544,0,0.4400000000000002
The Settlers History Collection,Simulation,PC,PC,2018-11-15,2018,0.04,0,0.5741014763229652,1,0.4400000000000002
Yuuna And The Haunted Hot Springs: Steam Dungeon,Role-Playing,PS4,PlayStation,2018-11-15,2018,0.01,0,0.19109135438416566,0,0.4400000000000002
Fortnite,Shooter,NS,Nintendo,2018-11-16,2018,0.69,0,0.48693598444569547,1,0.4400000000000002
Omen Of Sorrow,Fighting,PS4,PlayStation,2018-11-16,2018,0.04,0,0.17731524335860527,0,0.4400000000000002
Sid Meier'S Civilization Vi,Strategy,NS,Nintendo,2018-11-16,2018,0.25,1,0.7149599275224919,1,0.4400000000000002
The Sims 4: Get Famous,Simulation,PC,PC,2018-11-16,2018,0.06,0,0.6659662203808518,1,0.4400000000000002
Atv Drift & Tricks,Racing,XONE,Xbox,2018-11-20,2018,0.02,0,0.2967386032985776,0,0.4400000000000002
Battlefield V,Shooter,PC,PC,2018-11-20,2018,0.1,0,0.4332698492900879,0,0.4400000000000002
Battlefield V,Shooter,PS4,PlayStation,2018-11-20,2018,2.22,1,0.7861394502965059,1,0.4400000000000002
Battlefield V,Shooter,XONE,Xbox,2018-11-20,2018,1.55,1,0.7921702066570261,1,0.4400000000000002
Bendy And The Ink Machine,Puzzle,NS,Nintendo,2018-11-20,2018,0.17,1,0.28822886077024323,0,0.4400000000000002
Bendy And The Ink Machine,Puzzle,PS4,PlayStation,2018-11-20,2018,0.18,1,0.6830743873457831,1,0.4400000000000002
Bendy And The Ink Machine,Puzzle,XONE,Xbox,2018-11-20,2018,0.16,1,0.6957948171731598,1,0.4400000000000002
Farming Simulator 19,Simulation,PC,PC,2018-11-20,2018,0.58,1,0.21013402749709492,0,0.4400000000000002
Farming Simulator 19,Simulation,PS4,PlayStation,2018-11-20,2018,0.47,1,0.6231850047087338,1,0.4400000000000002
Farming Simulator 19,Simulation,XONE,Xbox,2018-11-20,2018,0.32,1,0.6523716715038339,1,0.4400000000000002
Flashback,Platform,NS,Nintendo,2018-11-20,2018,0.03,0,0.18105125733367938,0,0.4400000000000002
Flashback,Platform,PS4,PlayStation,2018-11-20,2018,0.01,0,0.17516754943810453,0,0.4400000000000002
Moto Racer 4,Racing,NS,Nintendo,2018-11-20,2018,0.01,0,0.13813083628402759,0,0.4400000000000002
Cats Together,Simulation,3DS,Nintendo,2018-11-21,2018,0.02,0,0.27872543186858495,0,0.4400000000000002
Nari Kids Park: Hugtto! Precure,Action,NS,Nintendo,2018-11-21,2018,0.01,0,0.1720599221857032,0,0.4400000000000002
Nari Kids Park: Kaitou Sentai Lupinranger Vs. Keisatsu Sentai Patoranger,Action,NS,Nintendo,2018-11-21,2018,0.0,0,0.17409843060502622,0,0.4400000000000002
Nari Kids Park: Ultraman R/B,Action,NS,Nintendo,2018-11-21,2018,0.0,0,0.1679265707551941,0,0.4400000000000002
Atv Drift & Tricks,Racing,NS,Nintendo,2018-11-22,2018,0.01,0,0.1456495847909419,0,0.4400000000000002
Toki Collector'S Edition,Platform,NS,Nintendo,2018-11-22,2018,0.05,0,0.13765655904274848,0,0.4400000000000002
Darksiders Iii,Action,PC,PC,2018-11-27,2018,0.01,0,0.05264587547904632,0,0.4400000000000002
Darksiders Iii,Action,PS4,PlayStation,2018-11-27,2018,0.25,1,0.13456743566270435,0,0.4400000000000002
Darksiders Iii,Action,XONE,Xbox,2018-11-27,2018,0.12,0,0.23168652372115878,0,0.4400000000000002
Asterix And Obelix Xxl2,Action-Adventure,NS,Nintendo,2018-11-29,2018,0.06,0,0.09033120016898886,0,0.4400000000000002
Asterix And Obelix Xxl2,Action-Adventure,PS4,PlayStation,2018-11-29,2018,0.04,0,0.13347024638428542,0,0.4400000000000002
Beniiro Tenjou Ayakashi Kitan Futaai,Adventure,PSV,PlayStation,2018-11-29,2018,0.0,0,0.0846526169473736,0,0.4400000000000002
Kamen Rider: Climax Scramble Zi-O,Fighting,NS,Nintendo,2018-11-29,2018,0.03,0,0.1917041042454884,0,0.4400000000000002
Ketsui Deathtiny: Kizuna Jigoku Tachi,Action,PS4,PlayStation,2018-11-29,2018,0.01,0,0.11091367846704234,0,0.4400000000000002
Lapis X Labyrinth,Role-Playing,NS,Nintendo,2018-11-29,2018,0.01,0,0.10415039027496815,0,0.4400000000000002
Lapis X Labyrinth,Role-Playing,PS4,PlayStation,2018-11-29,2018,0.01,0,0.17462261541521718,0,0.4400000000000002
Million Arthur: Arcana Blood,Fighting,PS4,PlayStation,2018-11-29,2018,0.01,0,0.775824697947658,1,0.4400000000000002
Super Run For Money Tousouchuu & Sentouchuu,Action,NS,Nintendo,2018-11-29,2018,0.02,0,0.15964612254242896,0,0.4400000000000002
Ark: Survival Evolved,Action-Adventure,NS,Nintendo,2018-11-30,2018,0.08,0,0.17798724268575944,0,0.4400000000000002
Ride 3,Racing,PS4,PlayStation,2018-11-30,2018,0.07,0,0.2634749251747694,0,0.4400000000000002
Ride 3,Racing,XONE,Xbox,2018-11-30,2018,0.03,0,0.27591176643537174,0,0.4400000000000002
Gear Club Unlimited 2,Racing,NS,Nintendo,2018-12-04,2018,0.02,0,0.19436810209084615,0,0.4400000000000002
Hellblade: Senua'S Sacrifice,Action-Adventure,PS4,PlayStation,2018-12-04,2018,0.05,0,0.5285051770388323,1,0.4400000000000002
Just Cause 4,Action-Adventure,PS4,PlayStation,2018-12-04,2018,0.56,1,0.7919181977449674,1,0.4400000000000002
Just Cause 4,Action-Adventure,XONE,Xbox,2018-12-04,2018,0.29,0,0.796868661164346,1,0.4400000000000002
Override: Mech City Brawl,Action-Adventure,PS4,PlayStation,2018-12-04,2018,0.03,0,0.2087954312808902,0,0.4400000000000002
Override: Mech City Brawl,Action-Adventure,XONE,Xbox,2018-12-04,2018,0.02,0,0.12263813619530307,0,0.4400000000000002
Persona 3: Dancing In Moonlight,Music,PS4,PlayStation,2018-12-04,2018,0.04,0,0.5283011473441426,1,0.4400000000000002
Persona 3: Dancing In Moonlight,Music,PSV,PlayStation,2018-12-04,2018,0.01,0,0.23712033835037163,0,0.4400000000000002
Persona 5: Dancing In Starlight,Music,PS4,PlayStation,2018-12-04,2018,0.06,0,0.511743108124682,1,0.4400000000000002
Persona 5: Dancing In Starlight,Music,PSV,PlayStation,2018-12-04,2018,0.02,0,0.2437997889020561,0,0.4400000000000002
Persona Dancing: Endless Night Collection,Music,PS4,PlayStation,2018-12-04,2018,0.13,0,0.5007594891946027,1,0.4400000000000002
Subnautica,Adventure,PS4,PlayStation,2018-12-04,2018,0.12,1,0.5324111267118953,1,0.4400000000000002
Subnautica,Adventure,XONE,Xbox,2018-12-04,2018,0.07,1,0.6138399520802108,1,0.4400000000000002
Wordhunters,Misc,PS4,PlayStation,2018-12-04,2018,0.01,0,0.1782700436465189,0,0.4400000000000002
Hello Neighbor: Hide & Seek,Adventure,NS,Nintendo,2018-12-07,2018,0.07,1,0.5794174966980231,1,0.4400000000000002
Hello Neighbor: Hide & Seek,Adventure,PS4,PlayStation,2018-12-07,2018,0.07,1,0.6504281451033388,1,0.4400000000000002
Hello Neighbor: Hide & Seek,Adventure,XONE,Xbox,2018-12-07,2018,0.07,1,0.6545150430474383,1,0.4400000000000002
Jagged Alliance: Rage!,Strategy,PS4,PlayStation,2018-12-07,2018,0.01,0,0.3486984921680852,0,0.4400000000000002
Jagged Alliance: Rage!,Strategy,XONE,Xbox,2018-12-07,2018,0.01,0,0.3043425775907203,0,0.4400000000000002
Katamari Damacy Reroll,Action,NS,Nintendo,2018-12-07,2018,0.17,0,0.15698839188686076,0,0.4400000000000002
Playerunknown'S Battlegrounds,Shooter,PS4,PlayStation,2018-12-07,2018,0.33,0,0.7903518106144083,1,0.4400000000000002
Sega Genesis Classics,Misc,NS,Nintendo,2018-12-07,2018,0.18,1,0.5148690090309225,1,0.4400000000000002
Gungrave Vr,Shooter,PS4,PlayStation,2018-12-11,2018,0.01,0,0.3199129507842566,0,0.4400000000000002
Salt And Sanctuary,Platform,NS,Nintendo,2018-12-11,2018,0.03,0,0.2052314303829453,0,0.4400000000000002
Atari Flashback Classics: Volume 1,Misc,NS,Nintendo,2018-12-13,2018,0.04,0,0.2758888611591817,0,0.4400000000000002
Peach Ball: Senran Kagura,Misc,NS,Nintendo,2018-12-13,2018,0.01,0,0.1948583796363135,0,0.4400000000000002
Senran Kagura: Peach And Reflexions Limited Double Pack,Misc,NS,Nintendo,2018-12-13,2018,0.02,0,0.4890973416414581,1,0.4400000000000002
Borderlands 2 Vr,Shooter,PS4,PlayStation,2018-12-14,2018,0.09,0,0.6264616348289924,1,0.4400000000000002
London Detective Mysteria,Visual Novel,PSV,PlayStation,2018-12-18,2018,0.01,0,0.3623064517591843,0,0.4400000000000002
Kunio-Kun: The World Classics Collection,Misc,NS,Nintendo,2018-12-20,2018,0.01,0,0.10512199576118081,0,0.4400000000000002
Kunio-Kun: The World Classics Collection,Misc,PS4,PlayStation,2018-12-20,2018,0.01,0,0.15216981637062302,0,0.4400000000000002
